[0m20:44:44.324520 [debug] [MainThread]: Sending event: {'category': 'dbt', 'action': 'invocation', 'label': 'start', 'context': [<snowplow_tracker.self_describing_json.SelfDescribingJson object at 0x7a35d93ebd70>, <snowplow_tracker.self_describing_json.SelfDescribingJson object at 0x7a35d94fe3f0>, <snowplow_tracker.self_describing_json.SelfDescribingJson object at 0x7a35d93ebfb0>]}


============================== 20:44:44.329927 | 38e8829e-e674-4d79-a0ef-9a09f2f259a0 ==============================
[0m20:44:44.329927 [info ] [MainThread]: Running with dbt=1.7.13
[0m20:44:44.331132 [debug] [MainThread]: running dbt with arguments {'printer_width': '80', 'indirect_selection': 'eager', 'write_json': 'True', 'log_cache_events': 'False', 'partial_parse': 'True', 'cache_selected_only': 'False', 'profiles_dir': '/home/codespace/.dbt', 'debug': 'False', 'fail_fast': 'False', 'log_path': 'logs', 'warn_error': 'None', 'version_check': 'True', 'use_colors': 'True', 'use_experimental_parser': 'False', 'no_print': 'None', 'quiet': 'False', 'log_format': 'default', 'static_parser': 'True', 'warn_error_options': 'WarnErrorOptions(include=[], exclude=[])', 'invocation_command': 'dbt debug', 'target_path': 'None', 'introspect': 'True', 'send_anonymous_usage_stats': 'True'}
[0m20:44:44.332328 [info ] [MainThread]: dbt version: 1.7.13
[0m20:44:44.333251 [info ] [MainThread]: python version: 3.12.1
[0m20:44:44.334177 [info ] [MainThread]: python path: /usr/local/python/3.12.1/bin/python3
[0m20:44:44.335093 [info ] [MainThread]: os info: Linux-6.8.0-1044-azure-x86_64-with-glibc2.39
[0m20:44:44.336050 [info ] [MainThread]: Using profiles dir at /home/codespace/.dbt
[0m20:44:44.336973 [info ] [MainThread]: Using profiles.yml file at /home/codespace/.dbt/profiles.yml
[0m20:44:44.337891 [info ] [MainThread]: Using dbt_project.yml file at /workspaces/EAS550_FintechData/dbt_project.yml
[0m20:44:44.338815 [info ] [MainThread]: Configuration:
[0m20:44:44.339713 [info ] [MainThread]:   profiles.yml file [[31mERROR not found[0m]
[0m20:44:44.340618 [info ] [MainThread]:   dbt_project.yml file [[31mERROR not found[0m]
[0m20:44:44.341514 [info ] [MainThread]: Required dependencies:
[0m20:44:44.342391 [debug] [MainThread]: Executing "git --help"
[0m20:44:44.350925 [debug] [MainThread]: STDOUT: "b"usage: git [-v | --version] [-h | --help] [-C <path>] [-c <name>=<value>]\n           [--exec-path[=<path>]] [--html-path] [--man-path] [--info-path]\n           [-p | --paginate | -P | --no-pager] [--no-replace-objects] [--no-lazy-fetch]\n           [--no-optional-locks] [--no-advice] [--bare] [--git-dir=<path>]\n           [--work-tree=<path>] [--namespace=<name>] [--config-env=<name>=<envvar>]\n           <command> [<args>]\n\nThese are common Git commands used in various situations:\n\nstart a working area (see also: git help tutorial)\n   clone      Clone a repository into a new directory\n   init       Create an empty Git repository or reinitialize an existing one\n\nwork on the current change (see also: git help everyday)\n   add        Add file contents to the index\n   mv         Move or rename a file, a directory, or a symlink\n   restore    Restore working tree files\n   rm         Remove files from the working tree and from the index\n\nexamine the history and state (see also: git help revisions)\n   bisect     Use binary search to find the commit that introduced a bug\n   diff       Show changes between commits, commit and working tree, etc\n   grep       Print lines matching a pattern\n   log        Show commit logs\n   show       Show various types of objects\n   status     Show the working tree status\n\ngrow, mark and tweak your common history\n   backfill   Download missing objects in a partial clone\n   branch     List, create, or delete branches\n   commit     Record changes to the repository\n   merge      Join two or more development histories together\n   rebase     Reapply commits on top of another base tip\n   reset      Set `HEAD` or the index to a known state\n   switch     Switch branches\n   tag        Create, list, delete or verify tags\n\ncollaborate (see also: git help workflows)\n   fetch      Download objects and refs from another repository\n   pull       Fetch from and integrate with another repository or a local branch\n   push       Update remote refs along with associated objects\n\n'git help -a' and 'git help -g' list available subcommands and some\nconcept guides. See 'git help <command>' or 'git help <concept>'\nto read about a specific subcommand or concept.\nSee 'git help git' for an overview of the system.\n""
[0m20:44:44.352050 [debug] [MainThread]: STDERR: "b''"
[0m20:44:44.352911 [info ] [MainThread]:  - git [[32mOK found[0m]

[0m20:44:44.353811 [info ] [MainThread]: Connection test skipped since no profile was found
[0m20:44:44.354936 [info ] [MainThread]: [31m2 checks failed:[0m
[0m20:44:44.355922 [info ] [MainThread]: dbt looked for a profiles.yml file in /home/codespace/.dbt/profiles.yml, but did
not find one. For more information on configuring your profile, consult the
documentation:

https://docs.getdbt.com/docs/configure-your-profile


[0m20:44:44.356994 [info ] [MainThread]: Project loading failed for the following reason:
 project path </workspaces/EAS550_FintechData/dbt_project.yml> not found

[0m20:44:44.358909 [debug] [MainThread]: Resource report: {"command_name": "debug", "command_wall_clock_time": 0.04233648, "process_user_time": 3.706202, "process_kernel_time": 0.199503, "process_mem_max_rss": "118380", "process_in_blocks": "7744", "process_out_blocks": "16", "command_success": false}
[0m20:44:44.359972 [debug] [MainThread]: Command `dbt debug` failed at 20:44:44.359633 after 0.04 seconds
[0m20:44:44.361041 [debug] [MainThread]: Sending event: {'category': 'dbt', 'action': 'invocation', 'label': 'end', 'context': [<snowplow_tracker.self_describing_json.SelfDescribingJson object at 0x7a35d94fe090>, <snowplow_tracker.self_describing_json.SelfDescribingJson object at 0x7a35d94fe3f0>, <snowplow_tracker.self_describing_json.SelfDescribingJson object at 0x7a35d9533b90>]}
[0m20:44:44.362174 [debug] [MainThread]: Flushing usage events
[0m22:04:44.966668 [debug] [MainThread]: Sending event: {'category': 'dbt', 'action': 'invocation', 'label': 'start', 'context': [<snowplow_tracker.self_describing_json.SelfDescribingJson object at 0x713d17eaf350>, <snowplow_tracker.self_describing_json.SelfDescribingJson object at 0x713d17eaf590>, <snowplow_tracker.self_describing_json.SelfDescribingJson object at 0x713d17eaf5c0>]}


============================== 22:04:44.975402 | dbb56a9c-69eb-4fcf-86c1-4bdf844e46ba ==============================
[0m22:04:44.975402 [info ] [MainThread]: Running with dbt=1.7.13
[0m22:04:44.976556 [debug] [MainThread]: running dbt with arguments {'printer_width': '80', 'indirect_selection': 'eager', 'log_cache_events': 'False', 'write_json': 'True', 'partial_parse': 'True', 'cache_selected_only': 'False', 'profiles_dir': '/home/codespace/.dbt', 'debug': 'False', 'fail_fast': 'False', 'log_path': 'logs', 'warn_error': 'None', 'version_check': 'True', 'use_colors': 'True', 'use_experimental_parser': 'False', 'no_print': 'None', 'quiet': 'False', 'warn_error_options': 'WarnErrorOptions(include=[], exclude=[])', 'invocation_command': 'dbt run', 'log_format': 'default', 'introspect': 'True', 'target_path': 'None', 'static_parser': 'True', 'send_anonymous_usage_stats': 'True'}
[0m22:04:44.978067 [error] [MainThread]: Encountered an error:
Runtime Error
  No dbt_project.yml found at expected path /workspaces/EAS550_FintechData/dbt_project.yml
  Verify that each entry within packages.yml (and their transitive dependencies) contains a file named dbt_project.yml
  
[0m22:04:44.980051 [debug] [MainThread]: Resource report: {"command_name": "run", "command_wall_clock_time": 0.02250518, "process_user_time": 3.32416, "process_kernel_time": 0.330425, "process_mem_max_rss": "118472", "process_in_blocks": "104176", "process_out_blocks": "8", "command_success": false}
[0m22:04:44.981127 [debug] [MainThread]: Command `dbt run` failed at 22:04:44.980799 after 0.02 seconds
[0m22:04:44.982427 [debug] [MainThread]: Sending event: {'category': 'dbt', 'action': 'invocation', 'label': 'end', 'context': [<snowplow_tracker.self_describing_json.SelfDescribingJson object at 0x713d18051460>, <snowplow_tracker.self_describing_json.SelfDescribingJson object at 0x713d17f6b6e0>, <snowplow_tracker.self_describing_json.SelfDescribingJson object at 0x713d17f6a840>]}
[0m22:04:44.983493 [debug] [MainThread]: Flushing usage events
[0m22:06:24.297043 [debug] [MainThread]: Sending event: {'category': 'dbt', 'action': 'invocation', 'label': 'start', 'context': [<snowplow_tracker.self_describing_json.SelfDescribingJson object at 0x7b050299b920>, <snowplow_tracker.self_describing_json.SelfDescribingJson object at 0x7b0502acfda0>, <snowplow_tracker.self_describing_json.SelfDescribingJson object at 0x7b050299be30>]}


============================== 22:06:24.304228 | 01ffced9-75f1-471d-b88e-3c36af592907 ==============================
[0m22:06:24.304228 [info ] [MainThread]: Running with dbt=1.7.13
[0m22:06:24.306813 [debug] [MainThread]: running dbt with arguments {'printer_width': '80', 'indirect_selection': 'eager', 'write_json': 'True', 'log_cache_events': 'False', 'partial_parse': 'True', 'cache_selected_only': 'False', 'warn_error': 'None', 'debug': 'False', 'fail_fast': 'False', 'log_path': '/workspaces/EAS550_FintechData/logs', 'version_check': 'True', 'profiles_dir': '/home/codespace/.dbt', 'use_colors': 'True', 'use_experimental_parser': 'False', 'no_print': 'None', 'quiet': 'False', 'log_format': 'default', 'invocation_command': 'dbt run', 'static_parser': 'True', 'warn_error_options': 'WarnErrorOptions(include=[], exclude=[])', 'target_path': 'None', 'introspect': 'True', 'send_anonymous_usage_stats': 'True'}
[0m22:06:25.226858 [debug] [MainThread]: Sending event: {'category': 'dbt', 'action': 'project_id', 'label': '01ffced9-75f1-471d-b88e-3c36af592907', 'context': [<snowplow_tracker.self_describing_json.SelfDescribingJson object at 0x7b05028a7530>]}
[0m22:06:25.325898 [debug] [MainThread]: Sending event: {'category': 'dbt', 'action': 'adapter_info', 'label': '01ffced9-75f1-471d-b88e-3c36af592907', 'context': [<snowplow_tracker.self_describing_json.SelfDescribingJson object at 0x7b0501f98140>]}
[0m22:06:25.326882 [info ] [MainThread]: Registered adapter: postgres=1.7.13
[0m22:06:25.361376 [debug] [MainThread]: checksum: 6c24e2ee36a42cedd7e5de2827d214776eb7a8e8f425f6d8acb06c31add0afef, vars: {}, profile: , target: , version: 1.7.13
[0m22:06:25.362221 [info ] [MainThread]: Unable to do partial parsing because saved manifest not found. Starting full parse.
[0m22:06:25.362904 [debug] [MainThread]: Sending event: {'category': 'dbt', 'action': 'partial_parser', 'label': '01ffced9-75f1-471d-b88e-3c36af592907', 'context': [<snowplow_tracker.self_describing_json.SelfDescribingJson object at 0x7b0502a92c00>]}
[0m22:06:26.528898 [error] [MainThread]: Encountered an error:
Compilation Error
  Model 'model.fintech_data.fct_transactions' (models/marts/finance/fct_transactions.sql) depends on a node named 'stg_transactions' which was not found
[0m22:06:26.530446 [debug] [MainThread]: Resource report: {"command_name": "run", "command_wall_clock_time": 2.3144393, "process_user_time": 4.844317, "process_kernel_time": 0.227139, "process_mem_max_rss": "131868", "process_in_blocks": "12592", "process_out_blocks": "16", "command_success": false}
[0m22:06:26.531526 [debug] [MainThread]: Command `dbt run` failed at 22:06:26.531185 after 2.32 seconds
[0m22:06:26.532477 [debug] [MainThread]: Sending event: {'category': 'dbt', 'action': 'invocation', 'label': 'end', 'context': [<snowplow_tracker.self_describing_json.SelfDescribingJson object at 0x7b0502b41280>, <snowplow_tracker.self_describing_json.SelfDescribingJson object at 0x7b0501bdef00>, <snowplow_tracker.self_describing_json.SelfDescribingJson object at 0x7b05013ceae0>]}
[0m22:06:26.533405 [debug] [MainThread]: Flushing usage events
[0m22:08:05.448585 [debug] [MainThread]: Sending event: {'category': 'dbt', 'action': 'invocation', 'label': 'start', 'context': [<snowplow_tracker.self_describing_json.SelfDescribingJson object at 0x7338136c3950>, <snowplow_tracker.self_describing_json.SelfDescribingJson object at 0x7338138d8380>, <snowplow_tracker.self_describing_json.SelfDescribingJson object at 0x7338136c3890>]}


============================== 22:08:05.453514 | 45d9f1e1-8b13-4072-a1b0-3be09cf028b3 ==============================
[0m22:08:05.453514 [info ] [MainThread]: Running with dbt=1.7.13
[0m22:08:05.454930 [debug] [MainThread]: running dbt with arguments {'printer_width': '80', 'indirect_selection': 'eager', 'log_cache_events': 'False', 'write_json': 'True', 'partial_parse': 'True', 'cache_selected_only': 'False', 'profiles_dir': '/home/codespace/.dbt', 'debug': 'False', 'fail_fast': 'False', 'log_path': '/workspaces/EAS550_FintechData/logs', 'warn_error': 'None', 'version_check': 'True', 'use_colors': 'True', 'use_experimental_parser': 'False', 'no_print': 'None', 'quiet': 'False', 'warn_error_options': 'WarnErrorOptions(include=[], exclude=[])', 'introspect': 'True', 'log_format': 'default', 'static_parser': 'True', 'target_path': 'None', 'invocation_command': 'dbt run', 'send_anonymous_usage_stats': 'True'}
[0m22:08:05.823198 [debug] [MainThread]: Sending event: {'category': 'dbt', 'action': 'project_id', 'label': '45d9f1e1-8b13-4072-a1b0-3be09cf028b3', 'context': [<snowplow_tracker.self_describing_json.SelfDescribingJson object at 0x733818ff3aa0>]}
[0m22:08:05.921578 [debug] [MainThread]: Sending event: {'category': 'dbt', 'action': 'adapter_info', 'label': '45d9f1e1-8b13-4072-a1b0-3be09cf028b3', 'context': [<snowplow_tracker.self_describing_json.SelfDescribingJson object at 0x733812dffd70>]}
[0m22:08:05.922444 [info ] [MainThread]: Registered adapter: postgres=1.7.13
[0m22:08:05.931158 [debug] [MainThread]: checksum: 6c24e2ee36a42cedd7e5de2827d214776eb7a8e8f425f6d8acb06c31add0afef, vars: {}, profile: , target: , version: 1.7.13
[0m22:08:05.932202 [info ] [MainThread]: Unable to do partial parsing because saved manifest not found. Starting full parse.
[0m22:08:05.932878 [debug] [MainThread]: Sending event: {'category': 'dbt', 'action': 'partial_parser', 'label': '45d9f1e1-8b13-4072-a1b0-3be09cf028b3', 'context': [<snowplow_tracker.self_describing_json.SelfDescribingJson object at 0x733812d89eb0>]}
[0m22:08:07.006892 [debug] [MainThread]: Sending event: {'category': 'dbt', 'action': 'load_project', 'label': '45d9f1e1-8b13-4072-a1b0-3be09cf028b3', 'context': [<snowplow_tracker.self_describing_json.SelfDescribingJson object at 0x7338121619a0>]}
[0m22:08:07.016511 [debug] [MainThread]: Sending event: {'category': 'dbt', 'action': 'resource_counts', 'label': '45d9f1e1-8b13-4072-a1b0-3be09cf028b3', 'context': [<snowplow_tracker.self_describing_json.SelfDescribingJson object at 0x733812515ee0>]}
[0m22:08:07.017136 [info ] [MainThread]: Found 8 models, 4 sources, 0 exposures, 0 metrics, 401 macros, 0 groups, 0 semantic models
[0m22:08:07.017826 [debug] [MainThread]: Sending event: {'category': 'dbt', 'action': 'runnable_timing', 'label': '45d9f1e1-8b13-4072-a1b0-3be09cf028b3', 'context': [<snowplow_tracker.self_describing_json.SelfDescribingJson object at 0x733812d60380>]}
[0m22:08:07.020076 [info ] [MainThread]: 
[0m22:08:07.021080 [debug] [MainThread]: Acquiring new postgres connection 'master'
[0m22:08:07.022828 [debug] [ThreadPool]: Acquiring new postgres connection 'list_neondb'
[0m22:08:07.035105 [debug] [ThreadPool]: Using postgres connection "list_neondb"
[0m22:08:07.035687 [debug] [ThreadPool]: On list_neondb: /* {"app": "dbt", "dbt_version": "1.7.13", "profile_name": "fintech_dbt", "target_name": "dev", "connection_name": "list_neondb"} */

    select distinct nspname from pg_namespace
  
[0m22:08:07.036210 [debug] [ThreadPool]: Opening a new connection, currently in state init
[0m22:08:08.166694 [debug] [ThreadPool]: SQL status: SELECT 4 in 1.0 seconds
[0m22:08:08.168435 [debug] [ThreadPool]: On list_neondb: Close
[0m22:08:08.170588 [debug] [ThreadPool]: Re-using an available connection from the pool (formerly list_neondb, now list_neondb_public)
[0m22:08:08.176942 [debug] [ThreadPool]: Using postgres connection "list_neondb_public"
[0m22:08:08.177522 [debug] [ThreadPool]: On list_neondb_public: BEGIN
[0m22:08:08.178034 [debug] [ThreadPool]: Opening a new connection, currently in state closed
[0m22:08:08.212021 [debug] [ThreadPool]: SQL status: BEGIN in 0.0 seconds
[0m22:08:08.212590 [debug] [ThreadPool]: Using postgres connection "list_neondb_public"
[0m22:08:08.213139 [debug] [ThreadPool]: On list_neondb_public: /* {"app": "dbt", "dbt_version": "1.7.13", "profile_name": "fintech_dbt", "target_name": "dev", "connection_name": "list_neondb_public"} */
select
      'neondb' as database,
      tablename as name,
      schemaname as schema,
      'table' as type
    from pg_tables
    where schemaname ilike 'public'
    union all
    select
      'neondb' as database,
      viewname as name,
      schemaname as schema,
      'view' as type
    from pg_views
    where schemaname ilike 'public'
    union all
    select
      'neondb' as database,
      matviewname as name,
      schemaname as schema,
      'materialized_view' as type
    from pg_matviews
    where schemaname ilike 'public'
  
[0m22:08:08.246218 [debug] [ThreadPool]: SQL status: SELECT 4 in 0.0 seconds
[0m22:08:08.247650 [debug] [ThreadPool]: On list_neondb_public: ROLLBACK
[0m22:08:08.250398 [debug] [ThreadPool]: On list_neondb_public: Close
[0m22:08:08.256185 [debug] [MainThread]: Using postgres connection "master"
[0m22:08:08.256743 [debug] [MainThread]: On master: BEGIN
[0m22:08:08.257249 [debug] [MainThread]: Opening a new connection, currently in state init
[0m22:08:08.288619 [debug] [MainThread]: SQL status: BEGIN in 0.0 seconds
[0m22:08:08.289454 [debug] [MainThread]: Using postgres connection "master"
[0m22:08:08.290065 [debug] [MainThread]: On master: /* {"app": "dbt", "dbt_version": "1.7.13", "profile_name": "fintech_dbt", "target_name": "dev", "connection_name": "master"} */
with relation as (
        select
            pg_rewrite.ev_class as class,
            pg_rewrite.oid as id
        from pg_rewrite
    ),
    class as (
        select
            oid as id,
            relname as name,
            relnamespace as schema,
            relkind as kind
        from pg_class
    ),
    dependency as (
        select distinct
            pg_depend.objid as id,
            pg_depend.refobjid as ref
        from pg_depend
    ),
    schema as (
        select
            pg_namespace.oid as id,
            pg_namespace.nspname as name
        from pg_namespace
        where nspname != 'information_schema' and nspname not like 'pg\_%'
    ),
    referenced as (
        select
            relation.id AS id,
            referenced_class.name ,
            referenced_class.schema ,
            referenced_class.kind
        from relation
        join class as referenced_class on relation.class=referenced_class.id
        where referenced_class.kind in ('r', 'v', 'm')
    ),
    relationships as (
        select
            referenced.name as referenced_name,
            referenced.schema as referenced_schema_id,
            dependent_class.name as dependent_name,
            dependent_class.schema as dependent_schema_id,
            referenced.kind as kind
        from referenced
        join dependency on referenced.id=dependency.id
        join class as dependent_class on dependency.ref=dependent_class.id
        where
            (referenced.name != dependent_class.name or
             referenced.schema != dependent_class.schema)
    )

    select
        referenced_schema.name as referenced_schema,
        relationships.referenced_name as referenced_name,
        dependent_schema.name as dependent_schema,
        relationships.dependent_name as dependent_name
    from relationships
    join schema as dependent_schema on relationships.dependent_schema_id=dependent_schema.id
    join schema as referenced_schema on relationships.referenced_schema_id=referenced_schema.id
    group by referenced_schema, referenced_name, dependent_schema, dependent_name
    order by referenced_schema, referenced_name, dependent_schema, dependent_name;
[0m22:08:08.315329 [debug] [MainThread]: SQL status: SELECT 0 in 0.0 seconds
[0m22:08:08.316765 [debug] [MainThread]: Sending event: {'category': 'dbt', 'action': 'runnable_timing', 'label': '45d9f1e1-8b13-4072-a1b0-3be09cf028b3', 'context': [<snowplow_tracker.self_describing_json.SelfDescribingJson object at 0x7338129eb1a0>]}
[0m22:08:08.317413 [debug] [MainThread]: On master: ROLLBACK
[0m22:08:08.320538 [debug] [MainThread]: Using postgres connection "master"
[0m22:08:08.321145 [debug] [MainThread]: On master: BEGIN
[0m22:08:08.326678 [debug] [MainThread]: SQL status: BEGIN in 0.0 seconds
[0m22:08:08.327326 [debug] [MainThread]: On master: COMMIT
[0m22:08:08.327842 [debug] [MainThread]: Using postgres connection "master"
[0m22:08:08.328370 [debug] [MainThread]: On master: COMMIT
[0m22:08:08.331481 [debug] [MainThread]: SQL status: COMMIT in 0.0 seconds
[0m22:08:08.332145 [debug] [MainThread]: On master: Close
[0m22:08:08.333041 [info ] [MainThread]: Concurrency: 4 threads (target='dev')
[0m22:08:08.333723 [info ] [MainThread]: 
[0m22:08:08.337629 [debug] [Thread-1 (]: Began running node model.fintech_data.stg_accounts
[0m22:08:08.338221 [debug] [Thread-2 (]: Began running node model.fintech_data.stg_customers
[0m22:08:08.341622 [info ] [Thread-2 (]: 2 of 8 START sql view model public.stg_customers ............................... [RUN]
[0m22:08:08.338897 [debug] [Thread-3 (]: Began running node model.fintech_data.stg_merchants
[0m22:08:08.340586 [debug] [Thread-4 (]: Began running node model.fintech_data.stg_transactions
[0m22:08:08.339647 [info ] [Thread-1 (]: 1 of 8 START sql view model public.stg_accounts ................................ [RUN]
[0m22:08:08.342943 [debug] [Thread-2 (]: Acquiring new postgres connection 'model.fintech_data.stg_customers'
[0m22:08:08.343623 [info ] [Thread-3 (]: 3 of 8 START sql view model public.stg_merchants ............................... [RUN]
[0m22:08:08.344215 [info ] [Thread-4 (]: 4 of 8 START sql view model public.stg_transactions ............................ [RUN]
[0m22:08:08.345694 [debug] [Thread-1 (]: Re-using an available connection from the pool (formerly list_neondb_public, now model.fintech_data.stg_accounts)
[0m22:08:08.346761 [debug] [Thread-2 (]: Began compiling node model.fintech_data.stg_customers
[0m22:08:08.348797 [debug] [Thread-3 (]: Acquiring new postgres connection 'model.fintech_data.stg_merchants'
[0m22:08:08.349983 [debug] [Thread-4 (]: Acquiring new postgres connection 'model.fintech_data.stg_transactions'
[0m22:08:08.350634 [debug] [Thread-1 (]: Began compiling node model.fintech_data.stg_accounts
[0m22:08:08.358156 [debug] [Thread-2 (]: Writing injected SQL for node "model.fintech_data.stg_customers"
[0m22:08:08.358818 [debug] [Thread-3 (]: Began compiling node model.fintech_data.stg_merchants
[0m22:08:08.359458 [debug] [Thread-4 (]: Began compiling node model.fintech_data.stg_transactions
[0m22:08:08.362143 [debug] [Thread-1 (]: Writing injected SQL for node "model.fintech_data.stg_accounts"
[0m22:08:08.365190 [debug] [Thread-3 (]: Writing injected SQL for node "model.fintech_data.stg_merchants"
[0m22:08:08.368153 [debug] [Thread-4 (]: Writing injected SQL for node "model.fintech_data.stg_transactions"
[0m22:08:08.369166 [debug] [Thread-1 (]: Timing info for model.fintech_data.stg_accounts (compile): 22:08:08.359861 => 22:08:08.368835
[0m22:08:08.370017 [debug] [Thread-2 (]: Timing info for model.fintech_data.stg_customers (compile): 22:08:08.351038 => 22:08:08.369709
[0m22:08:08.370973 [debug] [Thread-3 (]: Timing info for model.fintech_data.stg_merchants (compile): 22:08:08.362772 => 22:08:08.370671
[0m22:08:08.371652 [debug] [Thread-1 (]: Began executing node model.fintech_data.stg_accounts
[0m22:08:08.372300 [debug] [Thread-4 (]: Timing info for model.fintech_data.stg_transactions (compile): 22:08:08.365656 => 22:08:08.372004
[0m22:08:08.391136 [debug] [Thread-4 (]: Began executing node model.fintech_data.stg_transactions
[0m22:08:08.373538 [debug] [Thread-3 (]: Began executing node model.fintech_data.stg_merchants
[0m22:08:08.372913 [debug] [Thread-2 (]: Began executing node model.fintech_data.stg_customers
[0m22:08:08.426619 [debug] [Thread-4 (]: Writing runtime sql for node "model.fintech_data.stg_transactions"
[0m22:08:08.429445 [debug] [Thread-3 (]: Writing runtime sql for node "model.fintech_data.stg_merchants"
[0m22:08:08.432151 [debug] [Thread-1 (]: Writing runtime sql for node "model.fintech_data.stg_accounts"
[0m22:08:08.436774 [debug] [Thread-2 (]: Writing runtime sql for node "model.fintech_data.stg_customers"
[0m22:08:08.439447 [debug] [Thread-2 (]: Using postgres connection "model.fintech_data.stg_customers"
[0m22:08:08.438236 [debug] [Thread-1 (]: Using postgres connection "model.fintech_data.stg_accounts"
[0m22:08:08.440448 [debug] [Thread-2 (]: On model.fintech_data.stg_customers: BEGIN
[0m22:08:08.442395 [debug] [Thread-2 (]: Opening a new connection, currently in state init
[0m22:08:08.441469 [debug] [Thread-1 (]: On model.fintech_data.stg_accounts: BEGIN
[0m22:08:08.445118 [debug] [Thread-1 (]: Opening a new connection, currently in state closed
[0m22:08:08.443453 [debug] [Thread-3 (]: Using postgres connection "model.fintech_data.stg_merchants"
[0m22:08:08.444227 [debug] [Thread-4 (]: Using postgres connection "model.fintech_data.stg_transactions"
[0m22:08:08.446323 [debug] [Thread-3 (]: On model.fintech_data.stg_merchants: BEGIN
[0m22:08:08.447174 [debug] [Thread-4 (]: On model.fintech_data.stg_transactions: BEGIN
[0m22:08:08.447820 [debug] [Thread-3 (]: Opening a new connection, currently in state init
[0m22:08:08.448443 [debug] [Thread-4 (]: Opening a new connection, currently in state init
[0m22:08:08.470995 [debug] [Thread-1 (]: SQL status: BEGIN in 0.0 seconds
[0m22:08:08.471626 [debug] [Thread-1 (]: Using postgres connection "model.fintech_data.stg_accounts"
[0m22:08:08.472205 [debug] [Thread-1 (]: On model.fintech_data.stg_accounts: /* {"app": "dbt", "dbt_version": "1.7.13", "profile_name": "fintech_dbt", "target_name": "dev", "node_id": "model.fintech_data.stg_accounts"} */

  create view "neondb"."public"."stg_accounts__dbt_tmp"
    
    
  as (
    SELECT
    account_id,
    customer_id,
    account_type,
    balance
FROM "neondb"."public"."Accounts"
  );
[0m22:08:08.477223 [debug] [Thread-1 (]: Postgres adapter: Postgres error: relation "public.Accounts" does not exist
LINE 12: FROM "neondb"."public"."Accounts"
              ^

[0m22:08:08.477836 [debug] [Thread-1 (]: On model.fintech_data.stg_accounts: ROLLBACK
[0m22:08:08.479360 [debug] [Thread-3 (]: SQL status: BEGIN in 0.0 seconds
[0m22:08:08.480058 [debug] [Thread-3 (]: Using postgres connection "model.fintech_data.stg_merchants"
[0m22:08:08.480701 [debug] [Thread-3 (]: On model.fintech_data.stg_merchants: /* {"app": "dbt", "dbt_version": "1.7.13", "profile_name": "fintech_dbt", "target_name": "dev", "node_id": "model.fintech_data.stg_merchants"} */

  create view "neondb"."public"."stg_merchants__dbt_tmp"
    
    
  as (
    SELECT
    merchant_id,
    merchant_name,
    category
FROM "neondb"."public"."Merchants"
  );
[0m22:08:08.481501 [debug] [Thread-1 (]: Timing info for model.fintech_data.stg_accounts (execute): 22:08:08.373928 => 22:08:08.481147
[0m22:08:08.482198 [debug] [Thread-1 (]: On model.fintech_data.stg_accounts: Close
[0m22:08:08.482790 [debug] [Thread-2 (]: SQL status: BEGIN in 0.0 seconds
[0m22:08:08.483471 [debug] [Thread-4 (]: SQL status: BEGIN in 0.0 seconds
[0m22:08:08.485162 [debug] [Thread-2 (]: Using postgres connection "model.fintech_data.stg_customers"
[0m22:08:08.485796 [debug] [Thread-3 (]: Postgres adapter: Postgres error: relation "public.Merchants" does not exist
LINE 11: FROM "neondb"."public"."Merchants"
              ^

[0m22:08:08.486491 [debug] [Thread-4 (]: Using postgres connection "model.fintech_data.stg_transactions"
[0m22:08:08.487313 [debug] [Thread-2 (]: On model.fintech_data.stg_customers: /* {"app": "dbt", "dbt_version": "1.7.13", "profile_name": "fintech_dbt", "target_name": "dev", "node_id": "model.fintech_data.stg_customers"} */

  create view "neondb"."public"."stg_customers__dbt_tmp"
    
    
  as (
    SELECT customer_id, first_name, last_name, email
FROM "neondb"."public"."Customers"
  );
[0m22:08:08.488347 [debug] [Thread-3 (]: On model.fintech_data.stg_merchants: ROLLBACK
[0m22:08:08.489188 [debug] [Thread-4 (]: On model.fintech_data.stg_transactions: /* {"app": "dbt", "dbt_version": "1.7.13", "profile_name": "fintech_dbt", "target_name": "dev", "node_id": "model.fintech_data.stg_transactions"} */

  create view "neondb"."public"."stg_transactions__dbt_tmp"
    
    
  as (
    SELECT transaction_id, account_id, merchant_id, amount, transaction_date
FROM "neondb"."public"."Transactions"
  );
[0m22:08:08.492816 [debug] [Thread-4 (]: Postgres adapter: Postgres error: relation "public.Transactions" does not exist
LINE 8: FROM "neondb"."public"."Transactions"
             ^

[0m22:08:08.493761 [debug] [Thread-4 (]: On model.fintech_data.stg_transactions: ROLLBACK
[0m22:08:08.494483 [debug] [Thread-2 (]: Postgres adapter: Postgres error: relation "public.Customers" does not exist
LINE 8: FROM "neondb"."public"."Customers"
             ^

[0m22:08:08.495229 [debug] [Thread-3 (]: Timing info for model.fintech_data.stg_merchants (execute): 22:08:08.402614 => 22:08:08.494952
[0m22:08:08.496155 [debug] [Thread-2 (]: On model.fintech_data.stg_customers: ROLLBACK
[0m22:08:08.497133 [debug] [Thread-3 (]: On model.fintech_data.stg_merchants: Close
[0m22:08:08.498050 [debug] [Thread-4 (]: Timing info for model.fintech_data.stg_transactions (execute): 22:08:08.391766 => 22:08:08.497753
[0m22:08:08.500540 [debug] [Thread-4 (]: On model.fintech_data.stg_transactions: Close
[0m22:08:08.503302 [debug] [Thread-2 (]: Timing info for model.fintech_data.stg_customers (execute): 22:08:08.432552 => 22:08:08.502978
[0m22:08:08.504079 [debug] [Thread-2 (]: On model.fintech_data.stg_customers: Close
[0m22:08:08.506916 [debug] [Thread-1 (]: Database Error in model stg_accounts (models/staging/stg_accounts.sql)
  relation "public.Accounts" does not exist
  LINE 12: FROM "neondb"."public"."Accounts"
                ^
  compiled Code at target/run/fintech_data/models/staging/stg_accounts.sql
[0m22:08:08.508653 [debug] [Thread-3 (]: Database Error in model stg_merchants (models/staging/stg_merchants.sql)
  relation "public.Merchants" does not exist
  LINE 11: FROM "neondb"."public"."Merchants"
                ^
  compiled Code at target/run/fintech_data/models/staging/stg_merchants.sql
[0m22:08:08.509395 [debug] [Thread-1 (]: Sending event: {'category': 'dbt', 'action': 'run_model', 'label': '45d9f1e1-8b13-4072-a1b0-3be09cf028b3', 'context': [<snowplow_tracker.self_describing_json.SelfDescribingJson object at 0x7338136c3bf0>]}
[0m22:08:08.511148 [debug] [Thread-4 (]: Database Error in model stg_transactions (models/staging/stg_transactions.sql)
  relation "public.Transactions" does not exist
  LINE 8: FROM "neondb"."public"."Transactions"
               ^
  compiled Code at target/run/fintech_data/models/staging/stg_transactions.sql
[0m22:08:08.511736 [debug] [Thread-3 (]: Sending event: {'category': 'dbt', 'action': 'run_model', 'label': '45d9f1e1-8b13-4072-a1b0-3be09cf028b3', 'context': [<snowplow_tracker.self_describing_json.SelfDescribingJson object at 0x7338125155e0>]}
[0m22:08:08.513110 [debug] [Thread-2 (]: Database Error in model stg_customers (models/staging/stg_customers.sql)
  relation "public.Customers" does not exist
  LINE 8: FROM "neondb"."public"."Customers"
               ^
  compiled Code at target/run/fintech_data/models/staging/stg_customers.sql
[0m22:08:08.513952 [error] [Thread-1 (]: 1 of 8 ERROR creating sql view model public.stg_accounts ....................... [[31mERROR[0m in 0.16s]
[0m22:08:08.517765 [debug] [Thread-1 (]: Finished running node model.fintech_data.stg_accounts
[0m22:08:08.515670 [error] [Thread-3 (]: 3 of 8 ERROR creating sql view model public.stg_merchants ...................... [[31mERROR[0m in 0.16s]
[0m22:08:08.514755 [debug] [Thread-4 (]: Sending event: {'category': 'dbt', 'action': 'run_model', 'label': '45d9f1e1-8b13-4072-a1b0-3be09cf028b3', 'context': [<snowplow_tracker.self_describing_json.SelfDescribingJson object at 0x733812516030>]}
[0m22:08:08.516640 [debug] [Thread-2 (]: Sending event: {'category': 'dbt', 'action': 'run_model', 'label': '45d9f1e1-8b13-4072-a1b0-3be09cf028b3', 'context': [<snowplow_tracker.self_describing_json.SelfDescribingJson object at 0x7338129fff80>]}
[0m22:08:08.524078 [error] [Thread-2 (]: 2 of 8 ERROR creating sql view model public.stg_customers ...................... [[31mERROR[0m in 0.17s]
[0m22:08:08.519028 [debug] [Thread-3 (]: Finished running node model.fintech_data.stg_merchants
[0m22:08:08.527774 [debug] [Thread-3 (]: Began running node model.fintech_data.dim_accounts
[0m22:08:08.526675 [debug] [Thread-2 (]: Finished running node model.fintech_data.stg_customers
[0m22:08:08.537561 [debug] [Thread-2 (]: Began running node model.fintech_data.dim_merchants
[0m22:08:08.529135 [error] [Thread-4 (]: 4 of 8 ERROR creating sql view model public.stg_transactions ................... [[31mERROR[0m in 0.17s]
[0m22:08:08.548803 [debug] [Thread-1 (]: Began running node model.fintech_data.dim_customers
[0m22:08:08.534588 [info ] [Thread-3 (]: 5 of 8 SKIP relation public.dim_accounts ....................................... [[33mSKIP[0m]
[0m22:08:08.557670 [debug] [Thread-3 (]: Finished running node model.fintech_data.dim_accounts
[0m22:08:08.553483 [debug] [Thread-4 (]: Finished running node model.fintech_data.stg_transactions
[0m22:08:08.556447 [info ] [Thread-1 (]: 7 of 8 SKIP relation public.dim_customers ...................................... [[33mSKIP[0m]
[0m22:08:08.539883 [info ] [Thread-2 (]: 6 of 8 SKIP relation public.dim_merchants ...................................... [[33mSKIP[0m]
[0m22:08:08.560674 [debug] [Thread-2 (]: Finished running node model.fintech_data.dim_merchants
[0m22:08:08.559150 [debug] [Thread-1 (]: Finished running node model.fintech_data.dim_customers
[0m22:08:08.561678 [debug] [Thread-2 (]: Began running node model.fintech_data.fct_transactions
[0m22:08:08.564212 [info ] [Thread-2 (]: 8 of 8 SKIP relation public.fct_transactions ................................... [[33mSKIP[0m]
[0m22:08:08.565466 [debug] [Thread-2 (]: Finished running node model.fintech_data.fct_transactions
[0m22:08:08.568449 [debug] [MainThread]: Using postgres connection "master"
[0m22:08:08.569419 [debug] [MainThread]: On master: BEGIN
[0m22:08:08.570347 [debug] [MainThread]: Opening a new connection, currently in state closed
[0m22:08:08.593236 [debug] [MainThread]: SQL status: BEGIN in 0.0 seconds
[0m22:08:08.594200 [debug] [MainThread]: On master: COMMIT
[0m22:08:08.595162 [debug] [MainThread]: Using postgres connection "master"
[0m22:08:08.596107 [debug] [MainThread]: On master: COMMIT
[0m22:08:08.599498 [debug] [MainThread]: SQL status: COMMIT in 0.0 seconds
[0m22:08:08.601653 [debug] [MainThread]: On master: Close
[0m22:08:08.604988 [debug] [MainThread]: Connection 'master' was properly closed.
[0m22:08:08.609632 [debug] [MainThread]: Connection 'model.fintech_data.stg_accounts' was properly closed.
[0m22:08:08.611563 [debug] [MainThread]: Connection 'model.fintech_data.stg_customers' was properly closed.
[0m22:08:08.613969 [debug] [MainThread]: Connection 'model.fintech_data.stg_merchants' was properly closed.
[0m22:08:08.616963 [debug] [MainThread]: Connection 'model.fintech_data.stg_transactions' was properly closed.
[0m22:08:08.619290 [info ] [MainThread]: 
[0m22:08:08.622412 [info ] [MainThread]: Finished running 4 view models, 4 table models in 0 hours 0 minutes and 1.60 seconds (1.60s).
[0m22:08:08.629045 [debug] [MainThread]: Command end result
[0m22:08:08.641629 [info ] [MainThread]: 
[0m22:08:08.642329 [info ] [MainThread]: [31mCompleted with 4 errors and 0 warnings:[0m
[0m22:08:08.642942 [info ] [MainThread]: 
[0m22:08:08.643581 [error] [MainThread]:   Database Error in model stg_accounts (models/staging/stg_accounts.sql)
  relation "public.Accounts" does not exist
  LINE 12: FROM "neondb"."public"."Accounts"
                ^
  compiled Code at target/run/fintech_data/models/staging/stg_accounts.sql
[0m22:08:08.644195 [info ] [MainThread]: 
[0m22:08:08.644836 [error] [MainThread]:   Database Error in model stg_merchants (models/staging/stg_merchants.sql)
  relation "public.Merchants" does not exist
  LINE 11: FROM "neondb"."public"."Merchants"
                ^
  compiled Code at target/run/fintech_data/models/staging/stg_merchants.sql
[0m22:08:08.645462 [info ] [MainThread]: 
[0m22:08:08.646068 [error] [MainThread]:   Database Error in model stg_customers (models/staging/stg_customers.sql)
  relation "public.Customers" does not exist
  LINE 8: FROM "neondb"."public"."Customers"
               ^
  compiled Code at target/run/fintech_data/models/staging/stg_customers.sql
[0m22:08:08.646851 [info ] [MainThread]: 
[0m22:08:08.647736 [error] [MainThread]:   Database Error in model stg_transactions (models/staging/stg_transactions.sql)
  relation "public.Transactions" does not exist
  LINE 8: FROM "neondb"."public"."Transactions"
               ^
  compiled Code at target/run/fintech_data/models/staging/stg_transactions.sql
[0m22:08:08.652618 [info ] [MainThread]: 
[0m22:08:08.653521 [info ] [MainThread]: Done. PASS=0 WARN=0 ERROR=4 SKIP=4 TOTAL=8
[0m22:08:08.655012 [debug] [MainThread]: Resource report: {"command_name": "run", "command_wall_clock_time": 3.2549183, "process_user_time": 5.195719, "process_kernel_time": 0.270497, "process_mem_max_rss": "139660", "process_in_blocks": "4520", "process_out_blocks": "2520", "command_success": false}
[0m22:08:08.656072 [debug] [MainThread]: Command `dbt run` failed at 22:08:08.655751 after 3.26 seconds
[0m22:08:08.657023 [debug] [MainThread]: Sending event: {'category': 'dbt', 'action': 'invocation', 'label': 'end', 'context': [<snowplow_tracker.self_describing_json.SelfDescribingJson object at 0x733813b107a0>, <snowplow_tracker.self_describing_json.SelfDescribingJson object at 0x7338136d7aa0>, <snowplow_tracker.self_describing_json.SelfDescribingJson object at 0x733812161e20>]}
[0m22:08:08.657902 [debug] [MainThread]: Flushing usage events
[0m22:11:02.325018 [debug] [MainThread]: Sending event: {'category': 'dbt', 'action': 'invocation', 'label': 'start', 'context': [<snowplow_tracker.self_describing_json.SelfDescribingJson object at 0x782d5b666720>, <snowplow_tracker.self_describing_json.SelfDescribingJson object at 0x782d5b6f0e60>, <snowplow_tracker.self_describing_json.SelfDescribingJson object at 0x782d5b6f1460>]}


============================== 22:11:02.329640 | d48204ce-9b22-434c-99b5-6b4ed62a37c5 ==============================
[0m22:11:02.329640 [info ] [MainThread]: Running with dbt=1.7.13
[0m22:11:02.330818 [debug] [MainThread]: running dbt with arguments {'printer_width': '80', 'indirect_selection': 'eager', 'write_json': 'True', 'log_cache_events': 'False', 'partial_parse': 'True', 'cache_selected_only': 'False', 'profiles_dir': '/home/codespace/.dbt', 'debug': 'False', 'version_check': 'True', 'log_path': '/workspaces/EAS550_FintechData/logs', 'fail_fast': 'False', 'warn_error': 'None', 'use_colors': 'True', 'use_experimental_parser': 'False', 'no_print': 'None', 'quiet': 'False', 'warn_error_options': 'WarnErrorOptions(include=[], exclude=[])', 'invocation_command': 'dbt run', 'log_format': 'default', 'static_parser': 'True', 'target_path': 'None', 'introspect': 'True', 'send_anonymous_usage_stats': 'True'}
[0m22:11:02.591138 [debug] [MainThread]: Sending event: {'category': 'dbt', 'action': 'project_id', 'label': 'd48204ce-9b22-434c-99b5-6b4ed62a37c5', 'context': [<snowplow_tracker.self_describing_json.SelfDescribingJson object at 0x782d5a967140>]}
[0m22:11:02.688013 [debug] [MainThread]: Sending event: {'category': 'dbt', 'action': 'adapter_info', 'label': 'd48204ce-9b22-434c-99b5-6b4ed62a37c5', 'context': [<snowplow_tracker.self_describing_json.SelfDescribingJson object at 0x782d5c881040>]}
[0m22:11:02.688911 [info ] [MainThread]: Registered adapter: postgres=1.7.13
[0m22:11:02.697558 [debug] [MainThread]: checksum: 6c24e2ee36a42cedd7e5de2827d214776eb7a8e8f425f6d8acb06c31add0afef, vars: {}, profile: , target: , version: 1.7.13
[0m22:11:02.724116 [debug] [MainThread]: Partial parsing enabled: 0 files deleted, 0 files added, 5 files changed.
[0m22:11:02.725175 [debug] [MainThread]: Partial parsing: updated file: fintech_data://models/staging/schema.yml
[0m22:11:02.725786 [debug] [MainThread]: Partial parsing: updated file: fintech_data://models/staging/stg_accounts.sql
[0m22:11:02.726355 [debug] [MainThread]: Partial parsing: updated file: fintech_data://models/staging/stg_customers.sql
[0m22:11:02.726905 [debug] [MainThread]: Partial parsing: updated file: fintech_data://models/staging/stg_transactions.sql
[0m22:11:02.727469 [debug] [MainThread]: Partial parsing: updated file: fintech_data://models/staging/stg_merchants.sql
[0m22:11:02.994743 [debug] [MainThread]: Sending event: {'category': 'dbt', 'action': 'load_project', 'label': 'd48204ce-9b22-434c-99b5-6b4ed62a37c5', 'context': [<snowplow_tracker.self_describing_json.SelfDescribingJson object at 0x782d59dc9010>]}
[0m22:11:03.003802 [debug] [MainThread]: Sending event: {'category': 'dbt', 'action': 'resource_counts', 'label': 'd48204ce-9b22-434c-99b5-6b4ed62a37c5', 'context': [<snowplow_tracker.self_describing_json.SelfDescribingJson object at 0x782d5a5816a0>]}
[0m22:11:03.004462 [info ] [MainThread]: Found 8 models, 4 sources, 0 exposures, 0 metrics, 401 macros, 0 groups, 0 semantic models
[0m22:11:03.005122 [debug] [MainThread]: Sending event: {'category': 'dbt', 'action': 'runnable_timing', 'label': 'd48204ce-9b22-434c-99b5-6b4ed62a37c5', 'context': [<snowplow_tracker.self_describing_json.SelfDescribingJson object at 0x782d5a1f86b0>]}
[0m22:11:03.007435 [info ] [MainThread]: 
[0m22:11:03.008464 [debug] [MainThread]: Acquiring new postgres connection 'master'
[0m22:11:03.010129 [debug] [ThreadPool]: Acquiring new postgres connection 'list_neondb'
[0m22:11:03.021868 [debug] [ThreadPool]: Using postgres connection "list_neondb"
[0m22:11:03.022441 [debug] [ThreadPool]: On list_neondb: /* {"app": "dbt", "dbt_version": "1.7.13", "profile_name": "fintech_dbt", "target_name": "dev", "connection_name": "list_neondb"} */

    select distinct nspname from pg_namespace
  
[0m22:11:03.022959 [debug] [ThreadPool]: Opening a new connection, currently in state init
[0m22:11:03.064523 [debug] [ThreadPool]: SQL status: SELECT 4 in 0.0 seconds
[0m22:11:03.066157 [debug] [ThreadPool]: On list_neondb: Close
[0m22:11:03.068295 [debug] [ThreadPool]: Re-using an available connection from the pool (formerly list_neondb, now list_neondb_public)
[0m22:11:03.076374 [debug] [ThreadPool]: Using postgres connection "list_neondb_public"
[0m22:11:03.076957 [debug] [ThreadPool]: On list_neondb_public: BEGIN
[0m22:11:03.077487 [debug] [ThreadPool]: Opening a new connection, currently in state closed
[0m22:11:03.110287 [debug] [ThreadPool]: SQL status: BEGIN in 0.0 seconds
[0m22:11:03.110889 [debug] [ThreadPool]: Using postgres connection "list_neondb_public"
[0m22:11:03.111448 [debug] [ThreadPool]: On list_neondb_public: /* {"app": "dbt", "dbt_version": "1.7.13", "profile_name": "fintech_dbt", "target_name": "dev", "connection_name": "list_neondb_public"} */
select
      'neondb' as database,
      tablename as name,
      schemaname as schema,
      'table' as type
    from pg_tables
    where schemaname ilike 'public'
    union all
    select
      'neondb' as database,
      viewname as name,
      schemaname as schema,
      'view' as type
    from pg_views
    where schemaname ilike 'public'
    union all
    select
      'neondb' as database,
      matviewname as name,
      schemaname as schema,
      'materialized_view' as type
    from pg_matviews
    where schemaname ilike 'public'
  
[0m22:11:03.116311 [debug] [ThreadPool]: SQL status: SELECT 4 in 0.0 seconds
[0m22:11:03.117715 [debug] [ThreadPool]: On list_neondb_public: ROLLBACK
[0m22:11:03.121798 [debug] [ThreadPool]: On list_neondb_public: Close
[0m22:11:03.127395 [debug] [MainThread]: Using postgres connection "master"
[0m22:11:03.127937 [debug] [MainThread]: On master: BEGIN
[0m22:11:03.128473 [debug] [MainThread]: Opening a new connection, currently in state init
[0m22:11:03.158332 [debug] [MainThread]: SQL status: BEGIN in 0.0 seconds
[0m22:11:03.158872 [debug] [MainThread]: Using postgres connection "master"
[0m22:11:03.159481 [debug] [MainThread]: On master: /* {"app": "dbt", "dbt_version": "1.7.13", "profile_name": "fintech_dbt", "target_name": "dev", "connection_name": "master"} */
with relation as (
        select
            pg_rewrite.ev_class as class,
            pg_rewrite.oid as id
        from pg_rewrite
    ),
    class as (
        select
            oid as id,
            relname as name,
            relnamespace as schema,
            relkind as kind
        from pg_class
    ),
    dependency as (
        select distinct
            pg_depend.objid as id,
            pg_depend.refobjid as ref
        from pg_depend
    ),
    schema as (
        select
            pg_namespace.oid as id,
            pg_namespace.nspname as name
        from pg_namespace
        where nspname != 'information_schema' and nspname not like 'pg\_%'
    ),
    referenced as (
        select
            relation.id AS id,
            referenced_class.name ,
            referenced_class.schema ,
            referenced_class.kind
        from relation
        join class as referenced_class on relation.class=referenced_class.id
        where referenced_class.kind in ('r', 'v', 'm')
    ),
    relationships as (
        select
            referenced.name as referenced_name,
            referenced.schema as referenced_schema_id,
            dependent_class.name as dependent_name,
            dependent_class.schema as dependent_schema_id,
            referenced.kind as kind
        from referenced
        join dependency on referenced.id=dependency.id
        join class as dependent_class on dependency.ref=dependent_class.id
        where
            (referenced.name != dependent_class.name or
             referenced.schema != dependent_class.schema)
    )

    select
        referenced_schema.name as referenced_schema,
        relationships.referenced_name as referenced_name,
        dependent_schema.name as dependent_schema,
        relationships.dependent_name as dependent_name
    from relationships
    join schema as dependent_schema on relationships.dependent_schema_id=dependent_schema.id
    join schema as referenced_schema on relationships.referenced_schema_id=referenced_schema.id
    group by referenced_schema, referenced_name, dependent_schema, dependent_name
    order by referenced_schema, referenced_name, dependent_schema, dependent_name;
[0m22:11:03.163537 [debug] [MainThread]: SQL status: SELECT 0 in 0.0 seconds
[0m22:11:03.165080 [debug] [MainThread]: Sending event: {'category': 'dbt', 'action': 'runnable_timing', 'label': 'd48204ce-9b22-434c-99b5-6b4ed62a37c5', 'context': [<snowplow_tracker.self_describing_json.SelfDescribingJson object at 0x782d5a1402c0>]}
[0m22:11:03.165708 [debug] [MainThread]: On master: ROLLBACK
[0m22:11:03.168025 [debug] [MainThread]: Using postgres connection "master"
[0m22:11:03.168578 [debug] [MainThread]: On master: BEGIN
[0m22:11:03.173289 [debug] [MainThread]: SQL status: BEGIN in 0.0 seconds
[0m22:11:03.173906 [debug] [MainThread]: On master: COMMIT
[0m22:11:03.174427 [debug] [MainThread]: Using postgres connection "master"
[0m22:11:03.174930 [debug] [MainThread]: On master: COMMIT
[0m22:11:03.177167 [debug] [MainThread]: SQL status: COMMIT in 0.0 seconds
[0m22:11:03.177712 [debug] [MainThread]: On master: Close
[0m22:11:03.178663 [info ] [MainThread]: Concurrency: 4 threads (target='dev')
[0m22:11:03.179606 [info ] [MainThread]: 
[0m22:11:03.184536 [debug] [Thread-1 (]: Began running node model.fintech_data.stg_accounts
[0m22:11:03.187529 [debug] [Thread-2 (]: Began running node model.fintech_data.stg_customers
[0m22:11:03.189102 [debug] [Thread-3 (]: Began running node model.fintech_data.stg_merchants
[0m22:11:03.185976 [info ] [Thread-1 (]: 1 of 8 START sql view model public.stg_accounts ................................ [RUN]
[0m22:11:03.191078 [debug] [Thread-1 (]: Re-using an available connection from the pool (formerly list_neondb_public, now model.fintech_data.stg_accounts)
[0m22:11:03.191680 [debug] [Thread-4 (]: Began running node model.fintech_data.stg_transactions
[0m22:11:03.188406 [info ] [Thread-2 (]: 2 of 8 START sql view model public.stg_customers ............................... [RUN]
[0m22:11:03.192579 [debug] [Thread-1 (]: Began compiling node model.fintech_data.stg_accounts
[0m22:11:03.189994 [info ] [Thread-3 (]: 3 of 8 START sql view model public.stg_merchants ............................... [RUN]
[0m22:11:03.194546 [debug] [Thread-2 (]: Acquiring new postgres connection 'model.fintech_data.stg_customers'
[0m22:11:03.193501 [info ] [Thread-4 (]: 4 of 8 START sql view model public.stg_transactions ............................ [RUN]
[0m22:11:03.202224 [debug] [Thread-3 (]: Acquiring new postgres connection 'model.fintech_data.stg_merchants'
[0m22:11:03.290018 [debug] [Thread-1 (]: Writing injected SQL for node "model.fintech_data.stg_accounts"
[0m22:11:03.290660 [debug] [Thread-2 (]: Began compiling node model.fintech_data.stg_customers
[0m22:11:03.291720 [debug] [Thread-4 (]: Acquiring new postgres connection 'model.fintech_data.stg_transactions'
[0m22:11:03.292384 [debug] [Thread-3 (]: Began compiling node model.fintech_data.stg_merchants
[0m22:11:03.295423 [debug] [Thread-2 (]: Writing injected SQL for node "model.fintech_data.stg_customers"
[0m22:11:03.296119 [debug] [Thread-4 (]: Began compiling node model.fintech_data.stg_transactions
[0m22:11:03.296873 [debug] [Thread-1 (]: Timing info for model.fintech_data.stg_accounts (compile): 22:11:03.195545 => 22:11:03.296554
[0m22:11:03.299636 [debug] [Thread-3 (]: Writing injected SQL for node "model.fintech_data.stg_merchants"
[0m22:11:03.303616 [debug] [Thread-4 (]: Writing injected SQL for node "model.fintech_data.stg_transactions"
[0m22:11:03.304883 [debug] [Thread-2 (]: Timing info for model.fintech_data.stg_customers (compile): 22:11:03.292920 => 22:11:03.304452
[0m22:11:03.305756 [debug] [Thread-1 (]: Began executing node model.fintech_data.stg_accounts
[0m22:11:03.307002 [debug] [Thread-4 (]: Timing info for model.fintech_data.stg_transactions (compile): 22:11:03.300187 => 22:11:03.306705
[0m22:11:03.307713 [debug] [Thread-2 (]: Began executing node model.fintech_data.stg_customers
[0m22:11:03.308350 [debug] [Thread-3 (]: Timing info for model.fintech_data.stg_merchants (compile): 22:11:03.297244 => 22:11:03.308051
[0m22:11:03.319509 [debug] [Thread-4 (]: Began executing node model.fintech_data.stg_transactions
[0m22:11:03.352239 [debug] [Thread-1 (]: Writing runtime sql for node "model.fintech_data.stg_accounts"
[0m22:11:03.354411 [debug] [Thread-2 (]: Writing runtime sql for node "model.fintech_data.stg_customers"
[0m22:11:03.354960 [debug] [Thread-3 (]: Began executing node model.fintech_data.stg_merchants
[0m22:11:03.359703 [debug] [Thread-4 (]: Writing runtime sql for node "model.fintech_data.stg_transactions"
[0m22:11:03.360720 [debug] [Thread-1 (]: Using postgres connection "model.fintech_data.stg_accounts"
[0m22:11:03.365452 [debug] [Thread-3 (]: Writing runtime sql for node "model.fintech_data.stg_merchants"
[0m22:11:03.366364 [debug] [Thread-2 (]: Using postgres connection "model.fintech_data.stg_customers"
[0m22:11:03.366933 [debug] [Thread-4 (]: Using postgres connection "model.fintech_data.stg_transactions"
[0m22:11:03.367541 [debug] [Thread-1 (]: On model.fintech_data.stg_accounts: BEGIN
[0m22:11:03.368391 [debug] [Thread-2 (]: On model.fintech_data.stg_customers: BEGIN
[0m22:11:03.368927 [debug] [Thread-3 (]: Using postgres connection "model.fintech_data.stg_merchants"
[0m22:11:03.369572 [debug] [Thread-4 (]: On model.fintech_data.stg_transactions: BEGIN
[0m22:11:03.370163 [debug] [Thread-1 (]: Opening a new connection, currently in state closed
[0m22:11:03.370783 [debug] [Thread-2 (]: Opening a new connection, currently in state init
[0m22:11:03.371397 [debug] [Thread-3 (]: On model.fintech_data.stg_merchants: BEGIN
[0m22:11:03.373181 [debug] [Thread-3 (]: Opening a new connection, currently in state init
[0m22:11:03.371981 [debug] [Thread-4 (]: Opening a new connection, currently in state init
[0m22:11:03.395496 [debug] [Thread-2 (]: SQL status: BEGIN in 0.0 seconds
[0m22:11:03.396137 [debug] [Thread-2 (]: Using postgres connection "model.fintech_data.stg_customers"
[0m22:11:03.396811 [debug] [Thread-2 (]: On model.fintech_data.stg_customers: /* {"app": "dbt", "dbt_version": "1.7.13", "profile_name": "fintech_dbt", "target_name": "dev", "node_id": "model.fintech_data.stg_customers"} */

  create view "neondb"."public"."stg_customers__dbt_tmp"
    
    
  as (
    SELECT customer_id, first_name, last_name, email
FROM "neondb"."public"."customers"
  );
[0m22:11:03.400655 [debug] [Thread-1 (]: SQL status: BEGIN in 0.0 seconds
[0m22:11:03.401324 [debug] [Thread-1 (]: Using postgres connection "model.fintech_data.stg_accounts"
[0m22:11:03.401902 [debug] [Thread-1 (]: On model.fintech_data.stg_accounts: /* {"app": "dbt", "dbt_version": "1.7.13", "profile_name": "fintech_dbt", "target_name": "dev", "node_id": "model.fintech_data.stg_accounts"} */

  create view "neondb"."public"."stg_accounts__dbt_tmp"
    
    
  as (
    SELECT
    account_id,
    customer_id,
    account_type,
    balance
FROM "neondb"."public"."accounts"
  );
[0m22:11:03.405190 [debug] [Thread-3 (]: SQL status: BEGIN in 0.0 seconds
[0m22:11:03.405864 [debug] [Thread-3 (]: Using postgres connection "model.fintech_data.stg_merchants"
[0m22:11:03.406501 [debug] [Thread-2 (]: Postgres adapter: Postgres error: column "first_name" does not exist
LINE 7:     SELECT customer_id, first_name, last_name, email
                                ^

[0m22:11:03.407037 [debug] [Thread-3 (]: On model.fintech_data.stg_merchants: /* {"app": "dbt", "dbt_version": "1.7.13", "profile_name": "fintech_dbt", "target_name": "dev", "node_id": "model.fintech_data.stg_merchants"} */

  create view "neondb"."public"."stg_merchants__dbt_tmp"
    
    
  as (
    SELECT
    merchant_id,
    merchant_name,
    category
FROM "neondb"."public"."merchants"
  );
[0m22:11:03.407713 [debug] [Thread-2 (]: On model.fintech_data.stg_customers: ROLLBACK
[0m22:11:03.408363 [debug] [Thread-4 (]: SQL status: BEGIN in 0.0 seconds
[0m22:11:03.409106 [debug] [Thread-4 (]: Using postgres connection "model.fintech_data.stg_transactions"
[0m22:11:03.409719 [debug] [Thread-4 (]: On model.fintech_data.stg_transactions: /* {"app": "dbt", "dbt_version": "1.7.13", "profile_name": "fintech_dbt", "target_name": "dev", "node_id": "model.fintech_data.stg_transactions"} */

  create view "neondb"."public"."stg_transactions__dbt_tmp"
    
    
  as (
    SELECT transaction_id, account_id, merchant_id, amount, transaction_date
FROM "neondb"."public"."transactions"
  );
[0m22:11:03.410949 [debug] [Thread-2 (]: Timing info for model.fintech_data.stg_customers (execute): 22:11:03.341228 => 22:11:03.410667
[0m22:11:03.411552 [debug] [Thread-2 (]: On model.fintech_data.stg_customers: Close
[0m22:11:03.414348 [debug] [Thread-4 (]: Postgres adapter: Postgres error: column "merchant_id" does not exist
LINE 7:     SELECT transaction_id, account_id, merchant_id, amount, ...
                                               ^

[0m22:11:03.415234 [debug] [Thread-4 (]: On model.fintech_data.stg_transactions: ROLLBACK
[0m22:11:03.415918 [debug] [Thread-3 (]: Postgres adapter: Postgres error: relation "public.merchants" does not exist
LINE 11: FROM "neondb"."public"."merchants"
              ^

[0m22:11:03.417087 [debug] [Thread-3 (]: On model.fintech_data.stg_merchants: ROLLBACK
[0m22:11:03.420094 [debug] [Thread-2 (]: Database Error in model stg_customers (models/staging/stg_customers.sql)
  column "first_name" does not exist
  LINE 7:     SELECT customer_id, first_name, last_name, email
                                  ^
  compiled Code at target/run/fintech_data/models/staging/stg_customers.sql
[0m22:11:03.420947 [debug] [Thread-3 (]: Timing info for model.fintech_data.stg_merchants (execute): 22:11:03.361078 => 22:11:03.420665
[0m22:11:03.421738 [debug] [Thread-4 (]: Timing info for model.fintech_data.stg_transactions (execute): 22:11:03.355398 => 22:11:03.421468
[0m22:11:03.422326 [debug] [Thread-2 (]: Sending event: {'category': 'dbt', 'action': 'run_model', 'label': 'd48204ce-9b22-434c-99b5-6b4ed62a37c5', 'context': [<snowplow_tracker.self_describing_json.SelfDescribingJson object at 0x782d59dca810>]}
[0m22:11:03.422981 [debug] [Thread-3 (]: On model.fintech_data.stg_merchants: Close
[0m22:11:03.423641 [debug] [Thread-4 (]: On model.fintech_data.stg_transactions: Close
[0m22:11:03.424456 [error] [Thread-2 (]: 2 of 8 ERROR creating sql view model public.stg_customers ...................... [[31mERROR[0m in 0.23s]
[0m22:11:03.427771 [debug] [Thread-2 (]: Finished running node model.fintech_data.stg_customers
[0m22:11:03.430338 [debug] [Thread-3 (]: Database Error in model stg_merchants (models/staging/stg_merchants.sql)
  relation "public.merchants" does not exist
  LINE 11: FROM "neondb"."public"."merchants"
                ^
  compiled Code at target/run/fintech_data/models/staging/stg_merchants.sql
[0m22:11:03.431061 [debug] [Thread-2 (]: Began running node model.fintech_data.dim_customers
[0m22:11:03.431997 [debug] [Thread-3 (]: Sending event: {'category': 'dbt', 'action': 'run_model', 'label': 'd48204ce-9b22-434c-99b5-6b4ed62a37c5', 'context': [<snowplow_tracker.self_describing_json.SelfDescribingJson object at 0x782d59d80e90>]}
[0m22:11:03.435636 [debug] [Thread-4 (]: Database Error in model stg_transactions (models/staging/stg_transactions.sql)
  column "merchant_id" does not exist
  LINE 7:     SELECT transaction_id, account_id, merchant_id, amount, ...
                                                 ^
  compiled Code at target/run/fintech_data/models/staging/stg_transactions.sql
[0m22:11:03.433399 [info ] [Thread-2 (]: 5 of 8 SKIP relation public.dim_customers ...................................... [[33mSKIP[0m]
[0m22:11:03.436472 [debug] [Thread-4 (]: Sending event: {'category': 'dbt', 'action': 'run_model', 'label': 'd48204ce-9b22-434c-99b5-6b4ed62a37c5', 'context': [<snowplow_tracker.self_describing_json.SelfDescribingJson object at 0x782d599eb740>]}
[0m22:11:03.434410 [error] [Thread-3 (]: 3 of 8 ERROR creating sql view model public.stg_merchants ...................... [[31mERROR[0m in 0.23s]
[0m22:11:03.437398 [debug] [Thread-2 (]: Finished running node model.fintech_data.dim_customers
[0m22:11:03.438150 [error] [Thread-4 (]: 4 of 8 ERROR creating sql view model public.stg_transactions ................... [[31mERROR[0m in 0.15s]
[0m22:11:03.439138 [debug] [Thread-3 (]: Finished running node model.fintech_data.stg_merchants
[0m22:11:03.440526 [debug] [Thread-4 (]: Finished running node model.fintech_data.stg_transactions
[0m22:11:03.442040 [debug] [Thread-2 (]: Began running node model.fintech_data.dim_merchants
[0m22:11:03.442910 [info ] [Thread-2 (]: 6 of 8 SKIP relation public.dim_merchants ...................................... [[33mSKIP[0m]
[0m22:11:03.443662 [debug] [Thread-2 (]: Finished running node model.fintech_data.dim_merchants
[0m22:11:03.446827 [debug] [Thread-1 (]: SQL status: CREATE VIEW in 0.0 seconds
[0m22:11:03.454933 [debug] [Thread-1 (]: Using postgres connection "model.fintech_data.stg_accounts"
[0m22:11:03.455566 [debug] [Thread-1 (]: On model.fintech_data.stg_accounts: /* {"app": "dbt", "dbt_version": "1.7.13", "profile_name": "fintech_dbt", "target_name": "dev", "node_id": "model.fintech_data.stg_accounts"} */
alter table "neondb"."public"."stg_accounts__dbt_tmp" rename to "stg_accounts"
[0m22:11:03.459025 [debug] [Thread-1 (]: SQL status: ALTER TABLE in 0.0 seconds
[0m22:11:03.474179 [debug] [Thread-1 (]: On model.fintech_data.stg_accounts: COMMIT
[0m22:11:03.474794 [debug] [Thread-1 (]: Using postgres connection "model.fintech_data.stg_accounts"
[0m22:11:03.475370 [debug] [Thread-1 (]: On model.fintech_data.stg_accounts: COMMIT
[0m22:11:03.481472 [debug] [Thread-1 (]: SQL status: COMMIT in 0.0 seconds
[0m22:11:03.491390 [debug] [Thread-1 (]: Applying DROP to: "neondb"."public"."stg_accounts__dbt_backup"
[0m22:11:03.498427 [debug] [Thread-1 (]: Using postgres connection "model.fintech_data.stg_accounts"
[0m22:11:03.499379 [debug] [Thread-1 (]: On model.fintech_data.stg_accounts: /* {"app": "dbt", "dbt_version": "1.7.13", "profile_name": "fintech_dbt", "target_name": "dev", "node_id": "model.fintech_data.stg_accounts"} */
drop view if exists "neondb"."public"."stg_accounts__dbt_backup" cascade
[0m22:11:03.502851 [debug] [Thread-1 (]: SQL status: DROP VIEW in 0.0 seconds
[0m22:11:03.504540 [debug] [Thread-1 (]: Timing info for model.fintech_data.stg_accounts (execute): 22:11:03.308755 => 22:11:03.504240
[0m22:11:03.505117 [debug] [Thread-1 (]: On model.fintech_data.stg_accounts: Close
[0m22:11:03.506050 [debug] [Thread-1 (]: Sending event: {'category': 'dbt', 'action': 'run_model', 'label': 'd48204ce-9b22-434c-99b5-6b4ed62a37c5', 'context': [<snowplow_tracker.self_describing_json.SelfDescribingJson object at 0x782d59dcdcd0>]}
[0m22:11:03.506796 [info ] [Thread-1 (]: 1 of 8 OK created sql view model public.stg_accounts ........................... [[32mCREATE VIEW[0m in 0.32s]
[0m22:11:03.507697 [debug] [Thread-1 (]: Finished running node model.fintech_data.stg_accounts
[0m22:11:03.508753 [debug] [Thread-4 (]: Began running node model.fintech_data.dim_accounts
[0m22:11:03.509368 [debug] [Thread-3 (]: Began running node model.fintech_data.fct_transactions
[0m22:11:03.510039 [info ] [Thread-4 (]: 7 of 8 START sql table model public.dim_accounts ............................... [RUN]
[0m22:11:03.510820 [info ] [Thread-3 (]: 8 of 8 SKIP relation public.fct_transactions ................................... [[33mSKIP[0m]
[0m22:11:03.511809 [debug] [Thread-4 (]: Re-using an available connection from the pool (formerly model.fintech_data.stg_transactions, now model.fintech_data.dim_accounts)
[0m22:11:03.512608 [debug] [Thread-3 (]: Finished running node model.fintech_data.fct_transactions
[0m22:11:03.513251 [debug] [Thread-4 (]: Began compiling node model.fintech_data.dim_accounts
[0m22:11:03.516903 [debug] [Thread-4 (]: Writing injected SQL for node "model.fintech_data.dim_accounts"
[0m22:11:03.517988 [debug] [Thread-4 (]: Timing info for model.fintech_data.dim_accounts (compile): 22:11:03.514082 => 22:11:03.517676
[0m22:11:03.518582 [debug] [Thread-4 (]: Began executing node model.fintech_data.dim_accounts
[0m22:11:03.550617 [debug] [Thread-4 (]: Writing runtime sql for node "model.fintech_data.dim_accounts"
[0m22:11:03.551563 [debug] [Thread-4 (]: Using postgres connection "model.fintech_data.dim_accounts"
[0m22:11:03.552172 [debug] [Thread-4 (]: On model.fintech_data.dim_accounts: BEGIN
[0m22:11:03.552803 [debug] [Thread-4 (]: Opening a new connection, currently in state closed
[0m22:11:03.810011 [debug] [Thread-4 (]: SQL status: BEGIN in 0.0 seconds
[0m22:11:03.811085 [debug] [Thread-4 (]: Using postgres connection "model.fintech_data.dim_accounts"
[0m22:11:03.813856 [debug] [Thread-4 (]: On model.fintech_data.dim_accounts: /* {"app": "dbt", "dbt_version": "1.7.13", "profile_name": "fintech_dbt", "target_name": "dev", "node_id": "model.fintech_data.dim_accounts"} */

  
    

  create  table "neondb"."public"."dim_accounts__dbt_tmp"
  
  
    as
  
  (
    WITH accounts AS (
    SELECT * FROM "neondb"."public"."stg_accounts"
)
SELECT 
    account_id,
    customer_id,
    account_type,
    balance AS current_balance
FROM accounts
  );
  
[0m22:11:03.830694 [debug] [Thread-4 (]: SQL status: SELECT 193 in 0.0 seconds
[0m22:11:03.839729 [debug] [Thread-4 (]: Using postgres connection "model.fintech_data.dim_accounts"
[0m22:11:03.840970 [debug] [Thread-4 (]: On model.fintech_data.dim_accounts: /* {"app": "dbt", "dbt_version": "1.7.13", "profile_name": "fintech_dbt", "target_name": "dev", "node_id": "model.fintech_data.dim_accounts"} */
alter table "neondb"."public"."dim_accounts__dbt_tmp" rename to "dim_accounts"
[0m22:11:03.846617 [debug] [Thread-4 (]: SQL status: ALTER TABLE in 0.0 seconds
[0m22:11:03.855588 [debug] [Thread-4 (]: On model.fintech_data.dim_accounts: COMMIT
[0m22:11:03.856199 [debug] [Thread-4 (]: Using postgres connection "model.fintech_data.dim_accounts"
[0m22:11:03.856784 [debug] [Thread-4 (]: On model.fintech_data.dim_accounts: COMMIT
[0m22:11:03.862573 [debug] [Thread-4 (]: SQL status: COMMIT in 0.0 seconds
[0m22:11:03.865572 [debug] [Thread-4 (]: Applying DROP to: "neondb"."public"."dim_accounts__dbt_backup"
[0m22:11:03.869606 [debug] [Thread-4 (]: Using postgres connection "model.fintech_data.dim_accounts"
[0m22:11:03.870197 [debug] [Thread-4 (]: On model.fintech_data.dim_accounts: /* {"app": "dbt", "dbt_version": "1.7.13", "profile_name": "fintech_dbt", "target_name": "dev", "node_id": "model.fintech_data.dim_accounts"} */
drop table if exists "neondb"."public"."dim_accounts__dbt_backup" cascade
[0m22:11:03.874655 [debug] [Thread-4 (]: SQL status: DROP TABLE in 0.0 seconds
[0m22:11:03.876766 [debug] [Thread-4 (]: Timing info for model.fintech_data.dim_accounts (execute): 22:11:03.518950 => 22:11:03.876069
[0m22:11:03.877465 [debug] [Thread-4 (]: On model.fintech_data.dim_accounts: Close
[0m22:11:03.878638 [debug] [Thread-4 (]: Sending event: {'category': 'dbt', 'action': 'run_model', 'label': 'd48204ce-9b22-434c-99b5-6b4ed62a37c5', 'context': [<snowplow_tracker.self_describing_json.SelfDescribingJson object at 0x782d59dcdd60>]}
[0m22:11:03.879773 [info ] [Thread-4 (]: 7 of 8 OK created sql table model public.dim_accounts .......................... [[32mSELECT 193[0m in 0.37s]
[0m22:11:03.880892 [debug] [Thread-4 (]: Finished running node model.fintech_data.dim_accounts
[0m22:11:03.882983 [debug] [MainThread]: Using postgres connection "master"
[0m22:11:03.883551 [debug] [MainThread]: On master: BEGIN
[0m22:11:03.884068 [debug] [MainThread]: Opening a new connection, currently in state closed
[0m22:11:03.905798 [debug] [MainThread]: SQL status: BEGIN in 0.0 seconds
[0m22:11:03.906627 [debug] [MainThread]: On master: COMMIT
[0m22:11:03.907886 [debug] [MainThread]: Using postgres connection "master"
[0m22:11:03.908715 [debug] [MainThread]: On master: COMMIT
[0m22:11:03.911490 [debug] [MainThread]: SQL status: COMMIT in 0.0 seconds
[0m22:11:03.912503 [debug] [MainThread]: On master: Close
[0m22:11:03.914155 [debug] [MainThread]: Connection 'master' was properly closed.
[0m22:11:03.915417 [debug] [MainThread]: Connection 'model.fintech_data.stg_accounts' was properly closed.
[0m22:11:03.916299 [debug] [MainThread]: Connection 'model.fintech_data.stg_customers' was properly closed.
[0m22:11:03.917082 [debug] [MainThread]: Connection 'model.fintech_data.stg_merchants' was properly closed.
[0m22:11:03.917878 [debug] [MainThread]: Connection 'model.fintech_data.dim_accounts' was properly closed.
[0m22:11:03.918821 [info ] [MainThread]: 
[0m22:11:03.919729 [info ] [MainThread]: Finished running 4 view models, 4 table models in 0 hours 0 minutes and 0.91 seconds (0.91s).
[0m22:11:03.922387 [debug] [MainThread]: Command end result
[0m22:11:03.936132 [info ] [MainThread]: 
[0m22:11:03.937145 [info ] [MainThread]: [31mCompleted with 3 errors and 0 warnings:[0m
[0m22:11:03.938158 [info ] [MainThread]: 
[0m22:11:03.939094 [error] [MainThread]:   Database Error in model stg_customers (models/staging/stg_customers.sql)
  column "first_name" does not exist
  LINE 7:     SELECT customer_id, first_name, last_name, email
                                  ^
  compiled Code at target/run/fintech_data/models/staging/stg_customers.sql
[0m22:11:03.940061 [info ] [MainThread]: 
[0m22:11:03.940973 [error] [MainThread]:   Database Error in model stg_merchants (models/staging/stg_merchants.sql)
  relation "public.merchants" does not exist
  LINE 11: FROM "neondb"."public"."merchants"
                ^
  compiled Code at target/run/fintech_data/models/staging/stg_merchants.sql
[0m22:11:03.942122 [info ] [MainThread]: 
[0m22:11:03.946466 [error] [MainThread]:   Database Error in model stg_transactions (models/staging/stg_transactions.sql)
  column "merchant_id" does not exist
  LINE 7:     SELECT transaction_id, account_id, merchant_id, amount, ...
                                                 ^
  compiled Code at target/run/fintech_data/models/staging/stg_transactions.sql
[0m22:11:03.947858 [info ] [MainThread]: 
[0m22:11:03.949085 [info ] [MainThread]: Done. PASS=2 WARN=0 ERROR=3 SKIP=3 TOTAL=8
[0m22:11:03.950939 [debug] [MainThread]: Resource report: {"command_name": "run", "command_wall_clock_time": 1.6738862, "process_user_time": 4.629778, "process_kernel_time": 0.226764, "process_mem_max_rss": "140592", "process_out_blocks": "2544", "command_success": false, "process_in_blocks": "0"}
[0m22:11:03.952105 [debug] [MainThread]: Command `dbt run` failed at 22:11:03.951686 after 1.68 seconds
[0m22:11:03.953183 [debug] [MainThread]: Sending event: {'category': 'dbt', 'action': 'invocation', 'label': 'end', 'context': [<snowplow_tracker.self_describing_json.SelfDescribingJson object at 0x782d5c1aa2a0>, <snowplow_tracker.self_describing_json.SelfDescribingJson object at 0x782d59dbd730>, <snowplow_tracker.self_describing_json.SelfDescribingJson object at 0x782d5a564e90>]}
[0m22:11:03.954314 [debug] [MainThread]: Flushing usage events
[0m22:17:10.798025 [debug] [MainThread]: Sending event: {'category': 'dbt', 'action': 'invocation', 'label': 'start', 'context': [<snowplow_tracker.self_describing_json.SelfDescribingJson object at 0x7e773266a420>, <snowplow_tracker.self_describing_json.SelfDescribingJson object at 0x7e77326680b0>, <snowplow_tracker.self_describing_json.SelfDescribingJson object at 0x7e773266ae10>]}


============================== 22:17:10.803736 | 30a8854a-7548-4c3e-b2bb-03de4a3161c6 ==============================
[0m22:17:10.803736 [info ] [MainThread]: Running with dbt=1.7.13
[0m22:17:10.805336 [debug] [MainThread]: running dbt with arguments {'printer_width': '80', 'indirect_selection': 'eager', 'write_json': 'True', 'log_cache_events': 'False', 'partial_parse': 'True', 'cache_selected_only': 'False', 'warn_error': 'None', 'debug': 'False', 'version_check': 'True', 'log_path': '/workspaces/EAS550_FintechData/logs', 'profiles_dir': '/home/codespace/.dbt', 'fail_fast': 'False', 'use_colors': 'True', 'use_experimental_parser': 'False', 'no_print': 'None', 'quiet': 'False', 'log_format': 'default', 'static_parser': 'True', 'warn_error_options': 'WarnErrorOptions(include=[], exclude=[])', 'invocation_command': 'dbt run', 'target_path': 'None', 'introspect': 'True', 'send_anonymous_usage_stats': 'True'}
[0m22:17:11.069037 [debug] [MainThread]: Sending event: {'category': 'dbt', 'action': 'project_id', 'label': '30a8854a-7548-4c3e-b2bb-03de4a3161c6', 'context': [<snowplow_tracker.self_describing_json.SelfDescribingJson object at 0x7e7731930c80>]}
[0m22:17:11.166023 [debug] [MainThread]: Sending event: {'category': 'dbt', 'action': 'adapter_info', 'label': '30a8854a-7548-4c3e-b2bb-03de4a3161c6', 'context': [<snowplow_tracker.self_describing_json.SelfDescribingJson object at 0x7e77326a5df0>]}
[0m22:17:11.166876 [info ] [MainThread]: Registered adapter: postgres=1.7.13
[0m22:17:11.175811 [debug] [MainThread]: checksum: 6c24e2ee36a42cedd7e5de2827d214776eb7a8e8f425f6d8acb06c31add0afef, vars: {}, profile: , target: , version: 1.7.13
[0m22:17:11.203404 [debug] [MainThread]: Partial parsing enabled: 2 files deleted, 0 files added, 4 files changed.
[0m22:17:11.204426 [debug] [MainThread]: Partial parsing: updated file: fintech_data://models/staging/schema.yml
[0m22:17:11.204958 [debug] [MainThread]: Partial parsing: deleted file: fintech_data://models/staging/stg_merchants.sql
[0m22:17:11.205494 [debug] [MainThread]: Partial parsing: deleted file: fintech_data://models/marts/finance/dim_merchants.sql
[0m22:17:11.206053 [debug] [MainThread]: Partial parsing: updated file: fintech_data://models/staging/stg_customers.sql
[0m22:17:11.206615 [debug] [MainThread]: Partial parsing: updated file: fintech_data://models/marts/finance/fct_transactions.sql
[0m22:17:11.207160 [debug] [MainThread]: Partial parsing: updated file: fintech_data://models/staging/stg_transactions.sql
[0m22:17:11.464583 [debug] [MainThread]: Sending event: {'category': 'dbt', 'action': 'load_project', 'label': '30a8854a-7548-4c3e-b2bb-03de4a3161c6', 'context': [<snowplow_tracker.self_describing_json.SelfDescribingJson object at 0x7e7730d25400>]}
[0m22:17:11.473407 [debug] [MainThread]: Sending event: {'category': 'dbt', 'action': 'resource_counts', 'label': '30a8854a-7548-4c3e-b2bb-03de4a3161c6', 'context': [<snowplow_tracker.self_describing_json.SelfDescribingJson object at 0x7e773154d970>]}
[0m22:17:11.474012 [info ] [MainThread]: Found 6 models, 3 sources, 0 exposures, 0 metrics, 401 macros, 0 groups, 0 semantic models
[0m22:17:11.474687 [debug] [MainThread]: Sending event: {'category': 'dbt', 'action': 'runnable_timing', 'label': '30a8854a-7548-4c3e-b2bb-03de4a3161c6', 'context': [<snowplow_tracker.self_describing_json.SelfDescribingJson object at 0x7e7730d04440>]}
[0m22:17:11.476892 [info ] [MainThread]: 
[0m22:17:11.477892 [debug] [MainThread]: Acquiring new postgres connection 'master'
[0m22:17:11.479381 [debug] [ThreadPool]: Acquiring new postgres connection 'list_neondb'
[0m22:17:11.491001 [debug] [ThreadPool]: Using postgres connection "list_neondb"
[0m22:17:11.491573 [debug] [ThreadPool]: On list_neondb: /* {"app": "dbt", "dbt_version": "1.7.13", "profile_name": "fintech_dbt", "target_name": "dev", "connection_name": "list_neondb"} */

    select distinct nspname from pg_namespace
  
[0m22:17:11.492084 [debug] [ThreadPool]: Opening a new connection, currently in state init
[0m22:17:12.133783 [debug] [ThreadPool]: SQL status: SELECT 4 in 1.0 seconds
[0m22:17:12.135554 [debug] [ThreadPool]: On list_neondb: Close
[0m22:17:12.137721 [debug] [ThreadPool]: Re-using an available connection from the pool (formerly list_neondb, now list_neondb_public)
[0m22:17:12.144084 [debug] [ThreadPool]: Using postgres connection "list_neondb_public"
[0m22:17:12.144647 [debug] [ThreadPool]: On list_neondb_public: BEGIN
[0m22:17:12.145157 [debug] [ThreadPool]: Opening a new connection, currently in state closed
[0m22:17:12.168446 [debug] [ThreadPool]: SQL status: BEGIN in 0.0 seconds
[0m22:17:12.169018 [debug] [ThreadPool]: Using postgres connection "list_neondb_public"
[0m22:17:12.169630 [debug] [ThreadPool]: On list_neondb_public: /* {"app": "dbt", "dbt_version": "1.7.13", "profile_name": "fintech_dbt", "target_name": "dev", "connection_name": "list_neondb_public"} */
select
      'neondb' as database,
      tablename as name,
      schemaname as schema,
      'table' as type
    from pg_tables
    where schemaname ilike 'public'
    union all
    select
      'neondb' as database,
      viewname as name,
      schemaname as schema,
      'view' as type
    from pg_views
    where schemaname ilike 'public'
    union all
    select
      'neondb' as database,
      matviewname as name,
      schemaname as schema,
      'materialized_view' as type
    from pg_matviews
    where schemaname ilike 'public'
  
[0m22:17:12.195854 [debug] [ThreadPool]: SQL status: SELECT 6 in 0.0 seconds
[0m22:17:12.197506 [debug] [ThreadPool]: On list_neondb_public: ROLLBACK
[0m22:17:12.200590 [debug] [ThreadPool]: On list_neondb_public: Close
[0m22:17:12.206586 [debug] [MainThread]: Using postgres connection "master"
[0m22:17:12.207135 [debug] [MainThread]: On master: BEGIN
[0m22:17:12.207676 [debug] [MainThread]: Opening a new connection, currently in state init
[0m22:17:12.237798 [debug] [MainThread]: SQL status: BEGIN in 0.0 seconds
[0m22:17:12.238390 [debug] [MainThread]: Using postgres connection "master"
[0m22:17:12.239057 [debug] [MainThread]: On master: /* {"app": "dbt", "dbt_version": "1.7.13", "profile_name": "fintech_dbt", "target_name": "dev", "connection_name": "master"} */
with relation as (
        select
            pg_rewrite.ev_class as class,
            pg_rewrite.oid as id
        from pg_rewrite
    ),
    class as (
        select
            oid as id,
            relname as name,
            relnamespace as schema,
            relkind as kind
        from pg_class
    ),
    dependency as (
        select distinct
            pg_depend.objid as id,
            pg_depend.refobjid as ref
        from pg_depend
    ),
    schema as (
        select
            pg_namespace.oid as id,
            pg_namespace.nspname as name
        from pg_namespace
        where nspname != 'information_schema' and nspname not like 'pg\_%'
    ),
    referenced as (
        select
            relation.id AS id,
            referenced_class.name ,
            referenced_class.schema ,
            referenced_class.kind
        from relation
        join class as referenced_class on relation.class=referenced_class.id
        where referenced_class.kind in ('r', 'v', 'm')
    ),
    relationships as (
        select
            referenced.name as referenced_name,
            referenced.schema as referenced_schema_id,
            dependent_class.name as dependent_name,
            dependent_class.schema as dependent_schema_id,
            referenced.kind as kind
        from referenced
        join dependency on referenced.id=dependency.id
        join class as dependent_class on dependency.ref=dependent_class.id
        where
            (referenced.name != dependent_class.name or
             referenced.schema != dependent_class.schema)
    )

    select
        referenced_schema.name as referenced_schema,
        relationships.referenced_name as referenced_name,
        dependent_schema.name as dependent_schema,
        relationships.dependent_name as dependent_name
    from relationships
    join schema as dependent_schema on relationships.dependent_schema_id=dependent_schema.id
    join schema as referenced_schema on relationships.referenced_schema_id=referenced_schema.id
    group by referenced_schema, referenced_name, dependent_schema, dependent_name
    order by referenced_schema, referenced_name, dependent_schema, dependent_name;
[0m22:17:12.262669 [debug] [MainThread]: SQL status: SELECT 1 in 0.0 seconds
[0m22:17:12.264504 [debug] [MainThread]: Sending event: {'category': 'dbt', 'action': 'runnable_timing', 'label': '30a8854a-7548-4c3e-b2bb-03de4a3161c6', 'context': [<snowplow_tracker.self_describing_json.SelfDescribingJson object at 0x7e77315b3fb0>]}
[0m22:17:12.265110 [debug] [MainThread]: On master: ROLLBACK
[0m22:17:12.268490 [debug] [MainThread]: Using postgres connection "master"
[0m22:17:12.269181 [debug] [MainThread]: On master: BEGIN
[0m22:17:12.275633 [debug] [MainThread]: SQL status: BEGIN in 0.0 seconds
[0m22:17:12.276324 [debug] [MainThread]: On master: COMMIT
[0m22:17:12.276855 [debug] [MainThread]: Using postgres connection "master"
[0m22:17:12.277586 [debug] [MainThread]: On master: COMMIT
[0m22:17:12.280995 [debug] [MainThread]: SQL status: COMMIT in 0.0 seconds
[0m22:17:12.281887 [debug] [MainThread]: On master: Close
[0m22:17:12.282877 [info ] [MainThread]: Concurrency: 4 threads (target='dev')
[0m22:17:12.283557 [info ] [MainThread]: 
[0m22:17:12.286565 [debug] [Thread-1 (]: Began running node model.fintech_data.stg_accounts
[0m22:17:12.287150 [debug] [Thread-2 (]: Began running node model.fintech_data.stg_customers
[0m22:17:12.287809 [debug] [Thread-3 (]: Began running node model.fintech_data.stg_transactions
[0m22:17:12.291429 [info ] [Thread-3 (]: 3 of 6 START sql view model public.stg_transactions ............................ [RUN]
[0m22:17:12.288591 [info ] [Thread-1 (]: 1 of 6 START sql view model public.stg_accounts ................................ [RUN]
[0m22:17:12.289844 [info ] [Thread-2 (]: 2 of 6 START sql view model public.stg_customers ............................... [RUN]
[0m22:17:12.292989 [debug] [Thread-3 (]: Acquiring new postgres connection 'model.fintech_data.stg_transactions'
[0m22:17:12.294051 [debug] [Thread-1 (]: Re-using an available connection from the pool (formerly list_neondb_public, now model.fintech_data.stg_accounts)
[0m22:17:12.295387 [debug] [Thread-2 (]: Acquiring new postgres connection 'model.fintech_data.stg_customers'
[0m22:17:12.296563 [debug] [Thread-3 (]: Began compiling node model.fintech_data.stg_transactions
[0m22:17:12.297341 [debug] [Thread-1 (]: Began compiling node model.fintech_data.stg_accounts
[0m22:17:12.297955 [debug] [Thread-2 (]: Began compiling node model.fintech_data.stg_customers
[0m22:17:12.306232 [debug] [Thread-3 (]: Writing injected SQL for node "model.fintech_data.stg_transactions"
[0m22:17:12.395594 [debug] [Thread-1 (]: Writing injected SQL for node "model.fintech_data.stg_accounts"
[0m22:17:12.398780 [debug] [Thread-2 (]: Writing injected SQL for node "model.fintech_data.stg_customers"
[0m22:17:12.399943 [debug] [Thread-3 (]: Timing info for model.fintech_data.stg_transactions (compile): 22:17:12.298365 => 22:17:12.399575
[0m22:17:12.400661 [debug] [Thread-3 (]: Began executing node model.fintech_data.stg_transactions
[0m22:17:12.401652 [debug] [Thread-2 (]: Timing info for model.fintech_data.stg_customers (compile): 22:17:12.396349 => 22:17:12.401331
[0m22:17:12.417995 [debug] [Thread-1 (]: Timing info for model.fintech_data.stg_accounts (compile): 22:17:12.306687 => 22:17:12.417695
[0m22:17:12.433221 [debug] [Thread-2 (]: Began executing node model.fintech_data.stg_customers
[0m22:17:12.442235 [debug] [Thread-3 (]: Writing runtime sql for node "model.fintech_data.stg_transactions"
[0m22:17:12.442905 [debug] [Thread-1 (]: Began executing node model.fintech_data.stg_accounts
[0m22:17:12.447603 [debug] [Thread-2 (]: Writing runtime sql for node "model.fintech_data.stg_customers"
[0m22:17:12.452391 [debug] [Thread-1 (]: Writing runtime sql for node "model.fintech_data.stg_accounts"
[0m22:17:12.453032 [debug] [Thread-3 (]: Using postgres connection "model.fintech_data.stg_transactions"
[0m22:17:12.454122 [debug] [Thread-2 (]: Using postgres connection "model.fintech_data.stg_customers"
[0m22:17:12.454730 [debug] [Thread-3 (]: On model.fintech_data.stg_transactions: BEGIN
[0m22:17:12.455292 [debug] [Thread-1 (]: Using postgres connection "model.fintech_data.stg_accounts"
[0m22:17:12.455907 [debug] [Thread-2 (]: On model.fintech_data.stg_customers: BEGIN
[0m22:17:12.456525 [debug] [Thread-3 (]: Opening a new connection, currently in state init
[0m22:17:12.457122 [debug] [Thread-1 (]: On model.fintech_data.stg_accounts: BEGIN
[0m22:17:12.458587 [debug] [Thread-1 (]: Opening a new connection, currently in state closed
[0m22:17:12.457737 [debug] [Thread-2 (]: Opening a new connection, currently in state init
[0m22:17:12.484472 [debug] [Thread-3 (]: SQL status: BEGIN in 0.0 seconds
[0m22:17:12.485077 [debug] [Thread-3 (]: Using postgres connection "model.fintech_data.stg_transactions"
[0m22:17:12.485705 [debug] [Thread-3 (]: On model.fintech_data.stg_transactions: /* {"app": "dbt", "dbt_version": "1.7.13", "profile_name": "fintech_dbt", "target_name": "dev", "node_id": "model.fintech_data.stg_transactions"} */

  create view "neondb"."public"."stg_transactions__dbt_tmp"
    
    
  as (
    SELECT
    transaction_id,
    account_id,
    amount,
    transaction_date
FROM "neondb"."public"."transactions"
  );
[0m22:17:12.488970 [debug] [Thread-2 (]: SQL status: BEGIN in 0.0 seconds
[0m22:17:12.489567 [debug] [Thread-2 (]: Using postgres connection "model.fintech_data.stg_customers"
[0m22:17:12.490136 [debug] [Thread-2 (]: On model.fintech_data.stg_customers: /* {"app": "dbt", "dbt_version": "1.7.13", "profile_name": "fintech_dbt", "target_name": "dev", "node_id": "model.fintech_data.stg_customers"} */

  create view "neondb"."public"."stg_customers__dbt_tmp"
    
    
  as (
    SELECT 
    customer_id, 
    "FirstName" AS first_name, 
    "LastName" AS last_name, 
    email
FROM "neondb"."public"."customers"
  );
[0m22:17:12.494603 [debug] [Thread-2 (]: Postgres adapter: Postgres error: column "FirstName" does not exist
LINE 9:     "FirstName" AS first_name, 
            ^

[0m22:17:12.495179 [debug] [Thread-3 (]: Postgres adapter: Postgres error: column "amount" does not exist
LINE 10:     amount,
             ^

[0m22:17:12.495796 [debug] [Thread-2 (]: On model.fintech_data.stg_customers: ROLLBACK
[0m22:17:12.496418 [debug] [Thread-3 (]: On model.fintech_data.stg_transactions: ROLLBACK
[0m22:17:12.498390 [debug] [Thread-1 (]: SQL status: BEGIN in 0.0 seconds
[0m22:17:12.499014 [debug] [Thread-1 (]: Using postgres connection "model.fintech_data.stg_accounts"
[0m22:17:12.499827 [debug] [Thread-2 (]: Timing info for model.fintech_data.stg_customers (execute): 22:17:12.443332 => 22:17:12.499546
[0m22:17:12.500661 [debug] [Thread-3 (]: Timing info for model.fintech_data.stg_transactions (execute): 22:17:12.401995 => 22:17:12.500387
[0m22:17:12.501184 [debug] [Thread-1 (]: On model.fintech_data.stg_accounts: /* {"app": "dbt", "dbt_version": "1.7.13", "profile_name": "fintech_dbt", "target_name": "dev", "node_id": "model.fintech_data.stg_accounts"} */

  create view "neondb"."public"."stg_accounts__dbt_tmp"
    
    
  as (
    SELECT
    account_id,
    customer_id,
    account_type,
    balance
FROM "neondb"."public"."accounts"
  );
[0m22:17:12.501838 [debug] [Thread-2 (]: On model.fintech_data.stg_customers: Close
[0m22:17:12.502471 [debug] [Thread-3 (]: On model.fintech_data.stg_transactions: Close
[0m22:17:12.509658 [debug] [Thread-3 (]: Database Error in model stg_transactions (models/staging/stg_transactions.sql)
  column "amount" does not exist
  LINE 10:     amount,
               ^
  compiled Code at target/run/fintech_data/models/staging/stg_transactions.sql
[0m22:17:12.510528 [debug] [Thread-3 (]: Sending event: {'category': 'dbt', 'action': 'run_model', 'label': '30a8854a-7548-4c3e-b2bb-03de4a3161c6', 'context': [<snowplow_tracker.self_describing_json.SelfDescribingJson object at 0x7e7730d82930>]}
[0m22:17:12.511906 [debug] [Thread-2 (]: Database Error in model stg_customers (models/staging/stg_customers.sql)
  column "FirstName" does not exist
  LINE 9:     "FirstName" AS first_name, 
              ^
  compiled Code at target/run/fintech_data/models/staging/stg_customers.sql
[0m22:17:12.512639 [error] [Thread-3 (]: 3 of 6 ERROR creating sql view model public.stg_transactions ................... [[31mERROR[0m in 0.22s]
[0m22:17:12.513456 [debug] [Thread-2 (]: Sending event: {'category': 'dbt', 'action': 'run_model', 'label': '30a8854a-7548-4c3e-b2bb-03de4a3161c6', 'context': [<snowplow_tracker.self_describing_json.SelfDescribingJson object at 0x7e773110f6e0>]}
[0m22:17:12.514296 [debug] [Thread-3 (]: Finished running node model.fintech_data.stg_transactions
[0m22:17:12.515041 [error] [Thread-2 (]: 2 of 6 ERROR creating sql view model public.stg_customers ...................... [[31mERROR[0m in 0.22s]
[0m22:17:12.516794 [debug] [Thread-2 (]: Finished running node model.fintech_data.stg_customers
[0m22:17:12.517751 [debug] [Thread-4 (]: Began running node model.fintech_data.dim_customers
[0m22:17:12.518451 [info ] [Thread-4 (]: 4 of 6 SKIP relation public.dim_customers ...................................... [[33mSKIP[0m]
[0m22:17:12.519381 [debug] [Thread-4 (]: Finished running node model.fintech_data.dim_customers
[0m22:17:12.535972 [debug] [Thread-1 (]: SQL status: CREATE VIEW in 0.0 seconds
[0m22:17:12.543065 [debug] [Thread-1 (]: Using postgres connection "model.fintech_data.stg_accounts"
[0m22:17:12.543702 [debug] [Thread-1 (]: On model.fintech_data.stg_accounts: /* {"app": "dbt", "dbt_version": "1.7.13", "profile_name": "fintech_dbt", "target_name": "dev", "node_id": "model.fintech_data.stg_accounts"} */
alter table "neondb"."public"."stg_accounts" rename to "stg_accounts__dbt_backup"
[0m22:17:12.547984 [debug] [Thread-1 (]: SQL status: ALTER TABLE in 0.0 seconds
[0m22:17:12.551307 [debug] [Thread-1 (]: Using postgres connection "model.fintech_data.stg_accounts"
[0m22:17:12.551895 [debug] [Thread-1 (]: On model.fintech_data.stg_accounts: /* {"app": "dbt", "dbt_version": "1.7.13", "profile_name": "fintech_dbt", "target_name": "dev", "node_id": "model.fintech_data.stg_accounts"} */
alter table "neondb"."public"."stg_accounts__dbt_tmp" rename to "stg_accounts"
[0m22:17:12.556203 [debug] [Thread-1 (]: SQL status: ALTER TABLE in 0.0 seconds
[0m22:17:12.577867 [debug] [Thread-1 (]: On model.fintech_data.stg_accounts: COMMIT
[0m22:17:12.578618 [debug] [Thread-1 (]: Using postgres connection "model.fintech_data.stg_accounts"
[0m22:17:12.579177 [debug] [Thread-1 (]: On model.fintech_data.stg_accounts: COMMIT
[0m22:17:12.585789 [debug] [Thread-1 (]: SQL status: COMMIT in 0.0 seconds
[0m22:17:12.592706 [debug] [Thread-1 (]: Applying DROP to: "neondb"."public"."stg_accounts__dbt_backup"
[0m22:17:12.598816 [debug] [Thread-1 (]: Using postgres connection "model.fintech_data.stg_accounts"
[0m22:17:12.599449 [debug] [Thread-1 (]: On model.fintech_data.stg_accounts: /* {"app": "dbt", "dbt_version": "1.7.13", "profile_name": "fintech_dbt", "target_name": "dev", "node_id": "model.fintech_data.stg_accounts"} */
drop view if exists "neondb"."public"."stg_accounts__dbt_backup" cascade
[0m22:17:12.610764 [debug] [Thread-1 (]: SQL status: DROP VIEW in 0.0 seconds
[0m22:17:12.612518 [debug] [Thread-1 (]: Timing info for model.fintech_data.stg_accounts (execute): 22:17:12.448241 => 22:17:12.612239
[0m22:17:12.613079 [debug] [Thread-1 (]: On model.fintech_data.stg_accounts: Close
[0m22:17:12.614033 [debug] [Thread-1 (]: Sending event: {'category': 'dbt', 'action': 'run_model', 'label': '30a8854a-7548-4c3e-b2bb-03de4a3161c6', 'context': [<snowplow_tracker.self_describing_json.SelfDescribingJson object at 0x7e7730d9bb90>]}
[0m22:17:12.614785 [info ] [Thread-1 (]: 1 of 6 OK created sql view model public.stg_accounts ........................... [[32mCREATE VIEW[0m in 0.32s]
[0m22:17:12.615652 [debug] [Thread-1 (]: Finished running node model.fintech_data.stg_accounts
[0m22:17:12.617243 [debug] [Thread-2 (]: Began running node model.fintech_data.dim_accounts
[0m22:17:12.618342 [debug] [Thread-3 (]: Began running node model.fintech_data.fct_transactions
[0m22:17:12.620206 [info ] [Thread-3 (]: 6 of 6 SKIP relation public.fct_transactions ................................... [[33mSKIP[0m]
[0m22:17:12.618942 [info ] [Thread-2 (]: 5 of 6 START sql table model public.dim_accounts ............................... [RUN]
[0m22:17:12.621252 [debug] [Thread-3 (]: Finished running node model.fintech_data.fct_transactions
[0m22:17:12.622254 [debug] [Thread-2 (]: Re-using an available connection from the pool (formerly model.fintech_data.stg_customers, now model.fintech_data.dim_accounts)
[0m22:17:12.623635 [debug] [Thread-2 (]: Began compiling node model.fintech_data.dim_accounts
[0m22:17:12.626741 [debug] [Thread-2 (]: Writing injected SQL for node "model.fintech_data.dim_accounts"
[0m22:17:12.627622 [debug] [Thread-2 (]: Timing info for model.fintech_data.dim_accounts (compile): 22:17:12.624341 => 22:17:12.627325
[0m22:17:12.628189 [debug] [Thread-2 (]: Began executing node model.fintech_data.dim_accounts
[0m22:17:12.652523 [debug] [Thread-2 (]: Writing runtime sql for node "model.fintech_data.dim_accounts"
[0m22:17:12.653349 [debug] [Thread-2 (]: Using postgres connection "model.fintech_data.dim_accounts"
[0m22:17:12.653936 [debug] [Thread-2 (]: On model.fintech_data.dim_accounts: BEGIN
[0m22:17:12.654523 [debug] [Thread-2 (]: Opening a new connection, currently in state closed
[0m22:17:12.691490 [debug] [Thread-2 (]: SQL status: BEGIN in 0.0 seconds
[0m22:17:12.692274 [debug] [Thread-2 (]: Using postgres connection "model.fintech_data.dim_accounts"
[0m22:17:12.692913 [debug] [Thread-2 (]: On model.fintech_data.dim_accounts: /* {"app": "dbt", "dbt_version": "1.7.13", "profile_name": "fintech_dbt", "target_name": "dev", "node_id": "model.fintech_data.dim_accounts"} */

  
    

  create  table "neondb"."public"."dim_accounts__dbt_tmp"
  
  
    as
  
  (
    WITH accounts AS (
    SELECT * FROM "neondb"."public"."stg_accounts"
)
SELECT 
    account_id,
    customer_id,
    account_type,
    balance AS current_balance
FROM accounts
  );
  
[0m22:17:12.705836 [debug] [Thread-2 (]: SQL status: SELECT 193 in 0.0 seconds
[0m22:17:12.709399 [debug] [Thread-2 (]: Using postgres connection "model.fintech_data.dim_accounts"
[0m22:17:12.709981 [debug] [Thread-2 (]: On model.fintech_data.dim_accounts: /* {"app": "dbt", "dbt_version": "1.7.13", "profile_name": "fintech_dbt", "target_name": "dev", "node_id": "model.fintech_data.dim_accounts"} */
alter table "neondb"."public"."dim_accounts" rename to "dim_accounts__dbt_backup"
[0m22:17:12.714566 [debug] [Thread-2 (]: SQL status: ALTER TABLE in 0.0 seconds
[0m22:17:12.718743 [debug] [Thread-2 (]: Using postgres connection "model.fintech_data.dim_accounts"
[0m22:17:12.719348 [debug] [Thread-2 (]: On model.fintech_data.dim_accounts: /* {"app": "dbt", "dbt_version": "1.7.13", "profile_name": "fintech_dbt", "target_name": "dev", "node_id": "model.fintech_data.dim_accounts"} */
alter table "neondb"."public"."dim_accounts__dbt_tmp" rename to "dim_accounts"
[0m22:17:12.723779 [debug] [Thread-2 (]: SQL status: ALTER TABLE in 0.0 seconds
[0m22:17:12.729788 [debug] [Thread-2 (]: On model.fintech_data.dim_accounts: COMMIT
[0m22:17:12.730388 [debug] [Thread-2 (]: Using postgres connection "model.fintech_data.dim_accounts"
[0m22:17:12.730950 [debug] [Thread-2 (]: On model.fintech_data.dim_accounts: COMMIT
[0m22:17:12.735974 [debug] [Thread-2 (]: SQL status: COMMIT in 0.0 seconds
[0m22:17:12.738973 [debug] [Thread-2 (]: Applying DROP to: "neondb"."public"."dim_accounts__dbt_backup"
[0m22:17:12.742937 [debug] [Thread-2 (]: Using postgres connection "model.fintech_data.dim_accounts"
[0m22:17:12.743536 [debug] [Thread-2 (]: On model.fintech_data.dim_accounts: /* {"app": "dbt", "dbt_version": "1.7.13", "profile_name": "fintech_dbt", "target_name": "dev", "node_id": "model.fintech_data.dim_accounts"} */
drop table if exists "neondb"."public"."dim_accounts__dbt_backup" cascade
[0m22:17:12.750760 [debug] [Thread-2 (]: SQL status: DROP TABLE in 0.0 seconds
[0m22:17:12.752431 [debug] [Thread-2 (]: Timing info for model.fintech_data.dim_accounts (execute): 22:17:12.628567 => 22:17:12.752129
[0m22:17:12.753005 [debug] [Thread-2 (]: On model.fintech_data.dim_accounts: Close
[0m22:17:12.753934 [debug] [Thread-2 (]: Sending event: {'category': 'dbt', 'action': 'run_model', 'label': '30a8854a-7548-4c3e-b2bb-03de4a3161c6', 'context': [<snowplow_tracker.self_describing_json.SelfDescribingJson object at 0x7e77305611c0>]}
[0m22:17:12.754671 [info ] [Thread-2 (]: 5 of 6 OK created sql table model public.dim_accounts .......................... [[32mSELECT 193[0m in 0.13s]
[0m22:17:12.755552 [debug] [Thread-2 (]: Finished running node model.fintech_data.dim_accounts
[0m22:17:12.757409 [debug] [MainThread]: Using postgres connection "master"
[0m22:17:12.757939 [debug] [MainThread]: On master: BEGIN
[0m22:17:12.758462 [debug] [MainThread]: Opening a new connection, currently in state closed
[0m22:17:12.785173 [debug] [MainThread]: SQL status: BEGIN in 0.0 seconds
[0m22:17:12.785783 [debug] [MainThread]: On master: COMMIT
[0m22:17:12.786340 [debug] [MainThread]: Using postgres connection "master"
[0m22:17:12.786853 [debug] [MainThread]: On master: COMMIT
[0m22:17:12.790213 [debug] [MainThread]: SQL status: COMMIT in 0.0 seconds
[0m22:17:12.790949 [debug] [MainThread]: On master: Close
[0m22:17:12.791884 [debug] [MainThread]: Connection 'master' was properly closed.
[0m22:17:12.792412 [debug] [MainThread]: Connection 'model.fintech_data.stg_accounts' was properly closed.
[0m22:17:12.792912 [debug] [MainThread]: Connection 'model.fintech_data.stg_transactions' was properly closed.
[0m22:17:12.793449 [debug] [MainThread]: Connection 'model.fintech_data.dim_accounts' was properly closed.
[0m22:17:12.794023 [info ] [MainThread]: 
[0m22:17:12.794667 [info ] [MainThread]: Finished running 3 view models, 3 table models in 0 hours 0 minutes and 1.32 seconds (1.32s).
[0m22:17:12.796022 [debug] [MainThread]: Command end result
[0m22:17:12.803881 [info ] [MainThread]: 
[0m22:17:12.804587 [info ] [MainThread]: [31mCompleted with 2 errors and 0 warnings:[0m
[0m22:17:12.805201 [info ] [MainThread]: 
[0m22:17:12.805831 [error] [MainThread]:   Database Error in model stg_transactions (models/staging/stg_transactions.sql)
  column "amount" does not exist
  LINE 10:     amount,
               ^
  compiled Code at target/run/fintech_data/models/staging/stg_transactions.sql
[0m22:17:12.806694 [info ] [MainThread]: 
[0m22:17:12.807592 [error] [MainThread]:   Database Error in model stg_customers (models/staging/stg_customers.sql)
  column "FirstName" does not exist
  LINE 9:     "FirstName" AS first_name, 
              ^
  compiled Code at target/run/fintech_data/models/staging/stg_customers.sql
[0m22:17:12.808567 [info ] [MainThread]: 
[0m22:17:12.809317 [info ] [MainThread]: Done. PASS=2 WARN=0 ERROR=2 SKIP=2 TOTAL=6
[0m22:17:12.810926 [debug] [MainThread]: Resource report: {"command_name": "run", "command_wall_clock_time": 2.0575836, "process_user_time": 4.624619, "process_kernel_time": 0.243401, "process_mem_max_rss": "140788", "process_out_blocks": "2488", "command_success": false, "process_in_blocks": "0"}
[0m22:17:12.812195 [debug] [MainThread]: Command `dbt run` failed at 22:17:12.811720 after 2.06 seconds
[0m22:17:12.813144 [debug] [MainThread]: Sending event: {'category': 'dbt', 'action': 'invocation', 'label': 'end', 'context': [<snowplow_tracker.self_describing_json.SelfDescribingJson object at 0x7e7732845d60>, <snowplow_tracker.self_describing_json.SelfDescribingJson object at 0x7e7730569340>, <snowplow_tracker.self_describing_json.SelfDescribingJson object at 0x7e773095f380>]}
[0m22:17:12.814058 [debug] [MainThread]: Flushing usage events
[0m22:22:15.221328 [debug] [MainThread]: Sending event: {'category': 'dbt', 'action': 'invocation', 'label': 'start', 'context': [<snowplow_tracker.self_describing_json.SelfDescribingJson object at 0x7be4ed989fa0>, <snowplow_tracker.self_describing_json.SelfDescribingJson object at 0x7be4f02b9ac0>, <snowplow_tracker.self_describing_json.SelfDescribingJson object at 0x7be4eda2ec00>]}


============================== 22:22:15.226080 | 451f00a1-4235-4a29-a5a4-40a253938678 ==============================
[0m22:22:15.226080 [info ] [MainThread]: Running with dbt=1.7.13
[0m22:22:15.227237 [debug] [MainThread]: running dbt with arguments {'printer_width': '80', 'indirect_selection': 'eager', 'write_json': 'True', 'log_cache_events': 'False', 'partial_parse': 'True', 'cache_selected_only': 'False', 'profiles_dir': '/home/codespace/.dbt', 'version_check': 'True', 'debug': 'False', 'log_path': '/workspaces/EAS550_FintechData/logs', 'fail_fast': 'False', 'warn_error': 'None', 'use_colors': 'True', 'use_experimental_parser': 'False', 'no_print': 'None', 'quiet': 'False', 'log_format': 'default', 'static_parser': 'True', 'warn_error_options': 'WarnErrorOptions(include=[], exclude=[])', 'introspect': 'True', 'target_path': 'None', 'invocation_command': 'dbt run', 'send_anonymous_usage_stats': 'True'}
[0m22:22:15.472596 [debug] [MainThread]: Sending event: {'category': 'dbt', 'action': 'project_id', 'label': '451f00a1-4235-4a29-a5a4-40a253938678', 'context': [<snowplow_tracker.self_describing_json.SelfDescribingJson object at 0x7be4ecf97230>]}
[0m22:22:15.597235 [debug] [MainThread]: Sending event: {'category': 'dbt', 'action': 'adapter_info', 'label': '451f00a1-4235-4a29-a5a4-40a253938678', 'context': [<snowplow_tracker.self_describing_json.SelfDescribingJson object at 0x7be4ed98a5d0>]}
[0m22:22:15.598628 [info ] [MainThread]: Registered adapter: postgres=1.7.13
[0m22:22:15.610227 [debug] [MainThread]: checksum: 6c24e2ee36a42cedd7e5de2827d214776eb7a8e8f425f6d8acb06c31add0afef, vars: {}, profile: , target: , version: 1.7.13
[0m22:22:15.635325 [debug] [MainThread]: Partial parsing enabled: 0 files deleted, 0 files added, 3 files changed.
[0m22:22:15.636029 [debug] [MainThread]: Partial parsing: updated file: fintech_data://models/staging/stg_transactions.sql
[0m22:22:15.636668 [debug] [MainThread]: Partial parsing: updated file: fintech_data://models/staging/stg_customers.sql
[0m22:22:15.637291 [debug] [MainThread]: Partial parsing: updated file: fintech_data://models/marts/finance/dim_customers.sql
[0m22:22:15.798592 [debug] [MainThread]: Sending event: {'category': 'dbt', 'action': 'load_project', 'label': '451f00a1-4235-4a29-a5a4-40a253938678', 'context': [<snowplow_tracker.self_describing_json.SelfDescribingJson object at 0x7be4ed8d5430>]}
[0m22:22:15.811586 [debug] [MainThread]: Sending event: {'category': 'dbt', 'action': 'resource_counts', 'label': '451f00a1-4235-4a29-a5a4-40a253938678', 'context': [<snowplow_tracker.self_describing_json.SelfDescribingJson object at 0x7be4ecb80b00>]}
[0m22:22:15.812466 [info ] [MainThread]: Found 6 models, 3 sources, 0 exposures, 0 metrics, 401 macros, 0 groups, 0 semantic models
[0m22:22:15.813309 [debug] [MainThread]: Sending event: {'category': 'dbt', 'action': 'runnable_timing', 'label': '451f00a1-4235-4a29-a5a4-40a253938678', 'context': [<snowplow_tracker.self_describing_json.SelfDescribingJson object at 0x7be4ec7ee570>]}
[0m22:22:15.816242 [info ] [MainThread]: 
[0m22:22:15.817645 [debug] [MainThread]: Acquiring new postgres connection 'master'
[0m22:22:15.819866 [debug] [ThreadPool]: Acquiring new postgres connection 'list_neondb'
[0m22:22:15.849110 [debug] [ThreadPool]: Using postgres connection "list_neondb"
[0m22:22:15.851203 [debug] [ThreadPool]: On list_neondb: /* {"app": "dbt", "dbt_version": "1.7.13", "profile_name": "fintech_dbt", "target_name": "dev", "connection_name": "list_neondb"} */

    select distinct nspname from pg_namespace
  
[0m22:22:15.852089 [debug] [ThreadPool]: Opening a new connection, currently in state init
[0m22:22:15.955007 [debug] [ThreadPool]: SQL status: SELECT 4 in 0.0 seconds
[0m22:22:15.956695 [debug] [ThreadPool]: On list_neondb: Close
[0m22:22:15.958786 [debug] [ThreadPool]: Re-using an available connection from the pool (formerly list_neondb, now list_neondb_public)
[0m22:22:15.965098 [debug] [ThreadPool]: Using postgres connection "list_neondb_public"
[0m22:22:15.965659 [debug] [ThreadPool]: On list_neondb_public: BEGIN
[0m22:22:15.966178 [debug] [ThreadPool]: Opening a new connection, currently in state closed
[0m22:22:15.995194 [debug] [ThreadPool]: SQL status: BEGIN in 0.0 seconds
[0m22:22:15.995758 [debug] [ThreadPool]: Using postgres connection "list_neondb_public"
[0m22:22:15.996332 [debug] [ThreadPool]: On list_neondb_public: /* {"app": "dbt", "dbt_version": "1.7.13", "profile_name": "fintech_dbt", "target_name": "dev", "connection_name": "list_neondb_public"} */
select
      'neondb' as database,
      tablename as name,
      schemaname as schema,
      'table' as type
    from pg_tables
    where schemaname ilike 'public'
    union all
    select
      'neondb' as database,
      viewname as name,
      schemaname as schema,
      'view' as type
    from pg_views
    where schemaname ilike 'public'
    union all
    select
      'neondb' as database,
      matviewname as name,
      schemaname as schema,
      'materialized_view' as type
    from pg_matviews
    where schemaname ilike 'public'
  
[0m22:22:16.000597 [debug] [ThreadPool]: SQL status: SELECT 6 in 0.0 seconds
[0m22:22:16.002014 [debug] [ThreadPool]: On list_neondb_public: ROLLBACK
[0m22:22:16.004114 [debug] [ThreadPool]: On list_neondb_public: Close
[0m22:22:16.010406 [debug] [MainThread]: Using postgres connection "master"
[0m22:22:16.010945 [debug] [MainThread]: On master: BEGIN
[0m22:22:16.011471 [debug] [MainThread]: Opening a new connection, currently in state init
[0m22:22:16.047074 [debug] [MainThread]: SQL status: BEGIN in 0.0 seconds
[0m22:22:16.047645 [debug] [MainThread]: Using postgres connection "master"
[0m22:22:16.048288 [debug] [MainThread]: On master: /* {"app": "dbt", "dbt_version": "1.7.13", "profile_name": "fintech_dbt", "target_name": "dev", "connection_name": "master"} */
with relation as (
        select
            pg_rewrite.ev_class as class,
            pg_rewrite.oid as id
        from pg_rewrite
    ),
    class as (
        select
            oid as id,
            relname as name,
            relnamespace as schema,
            relkind as kind
        from pg_class
    ),
    dependency as (
        select distinct
            pg_depend.objid as id,
            pg_depend.refobjid as ref
        from pg_depend
    ),
    schema as (
        select
            pg_namespace.oid as id,
            pg_namespace.nspname as name
        from pg_namespace
        where nspname != 'information_schema' and nspname not like 'pg\_%'
    ),
    referenced as (
        select
            relation.id AS id,
            referenced_class.name ,
            referenced_class.schema ,
            referenced_class.kind
        from relation
        join class as referenced_class on relation.class=referenced_class.id
        where referenced_class.kind in ('r', 'v', 'm')
    ),
    relationships as (
        select
            referenced.name as referenced_name,
            referenced.schema as referenced_schema_id,
            dependent_class.name as dependent_name,
            dependent_class.schema as dependent_schema_id,
            referenced.kind as kind
        from referenced
        join dependency on referenced.id=dependency.id
        join class as dependent_class on dependency.ref=dependent_class.id
        where
            (referenced.name != dependent_class.name or
             referenced.schema != dependent_class.schema)
    )

    select
        referenced_schema.name as referenced_schema,
        relationships.referenced_name as referenced_name,
        dependent_schema.name as dependent_schema,
        relationships.dependent_name as dependent_name
    from relationships
    join schema as dependent_schema on relationships.dependent_schema_id=dependent_schema.id
    join schema as referenced_schema on relationships.referenced_schema_id=referenced_schema.id
    group by referenced_schema, referenced_name, dependent_schema, dependent_name
    order by referenced_schema, referenced_name, dependent_schema, dependent_name;
[0m22:22:16.054906 [debug] [MainThread]: SQL status: SELECT 1 in 0.0 seconds
[0m22:22:16.056622 [debug] [MainThread]: Sending event: {'category': 'dbt', 'action': 'runnable_timing', 'label': '451f00a1-4235-4a29-a5a4-40a253938678', 'context': [<snowplow_tracker.self_describing_json.SelfDescribingJson object at 0x7be4ee6911c0>]}
[0m22:22:16.057223 [debug] [MainThread]: On master: ROLLBACK
[0m22:22:16.061418 [debug] [MainThread]: Using postgres connection "master"
[0m22:22:16.061937 [debug] [MainThread]: On master: BEGIN
[0m22:22:16.070249 [debug] [MainThread]: SQL status: BEGIN in 0.0 seconds
[0m22:22:16.070808 [debug] [MainThread]: On master: COMMIT
[0m22:22:16.071343 [debug] [MainThread]: Using postgres connection "master"
[0m22:22:16.071850 [debug] [MainThread]: On master: COMMIT
[0m22:22:16.075844 [debug] [MainThread]: SQL status: COMMIT in 0.0 seconds
[0m22:22:16.076526 [debug] [MainThread]: On master: Close
[0m22:22:16.077420 [info ] [MainThread]: Concurrency: 4 threads (target='dev')
[0m22:22:16.078065 [info ] [MainThread]: 
[0m22:22:16.081603 [debug] [Thread-1 (]: Began running node model.fintech_data.stg_accounts
[0m22:22:16.082187 [debug] [Thread-2 (]: Began running node model.fintech_data.stg_customers
[0m22:22:16.083031 [debug] [Thread-3 (]: Began running node model.fintech_data.stg_transactions
[0m22:22:16.083723 [info ] [Thread-1 (]: 1 of 6 START sql view model public.stg_accounts ................................ [RUN]
[0m22:22:16.085221 [info ] [Thread-2 (]: 2 of 6 START sql view model public.stg_customers ............................... [RUN]
[0m22:22:16.086224 [info ] [Thread-3 (]: 3 of 6 START sql view model public.stg_transactions ............................ [RUN]
[0m22:22:16.087223 [debug] [Thread-1 (]: Re-using an available connection from the pool (formerly list_neondb_public, now model.fintech_data.stg_accounts)
[0m22:22:16.089941 [debug] [Thread-1 (]: Began compiling node model.fintech_data.stg_accounts
[0m22:22:16.089198 [debug] [Thread-3 (]: Acquiring new postgres connection 'model.fintech_data.stg_transactions'
[0m22:22:16.088201 [debug] [Thread-2 (]: Acquiring new postgres connection 'model.fintech_data.stg_customers'
[0m22:22:16.099046 [debug] [Thread-1 (]: Writing injected SQL for node "model.fintech_data.stg_accounts"
[0m22:22:16.099709 [debug] [Thread-3 (]: Began compiling node model.fintech_data.stg_transactions
[0m22:22:16.100350 [debug] [Thread-2 (]: Began compiling node model.fintech_data.stg_customers
[0m22:22:16.103427 [debug] [Thread-3 (]: Writing injected SQL for node "model.fintech_data.stg_transactions"
[0m22:22:16.104061 [debug] [Thread-1 (]: Timing info for model.fintech_data.stg_accounts (compile): 22:22:16.090549 => 22:22:16.103779
[0m22:22:16.106778 [debug] [Thread-2 (]: Writing injected SQL for node "model.fintech_data.stg_customers"
[0m22:22:16.107687 [debug] [Thread-1 (]: Began executing node model.fintech_data.stg_accounts
[0m22:22:16.108333 [debug] [Thread-3 (]: Timing info for model.fintech_data.stg_transactions (compile): 22:22:16.101077 => 22:22:16.108033
[0m22:22:16.129807 [debug] [Thread-3 (]: Began executing node model.fintech_data.stg_transactions
[0m22:22:16.114353 [debug] [Thread-2 (]: Timing info for model.fintech_data.stg_customers (compile): 22:22:16.104488 => 22:22:16.114029
[0m22:22:16.185337 [debug] [Thread-3 (]: Writing runtime sql for node "model.fintech_data.stg_transactions"
[0m22:22:16.183479 [debug] [Thread-1 (]: Writing runtime sql for node "model.fintech_data.stg_accounts"
[0m22:22:16.186358 [debug] [Thread-2 (]: Began executing node model.fintech_data.stg_customers
[0m22:22:16.194597 [debug] [Thread-2 (]: Writing runtime sql for node "model.fintech_data.stg_customers"
[0m22:22:16.195475 [debug] [Thread-1 (]: Using postgres connection "model.fintech_data.stg_accounts"
[0m22:22:16.196343 [debug] [Thread-1 (]: On model.fintech_data.stg_accounts: BEGIN
[0m22:22:16.197113 [debug] [Thread-1 (]: Opening a new connection, currently in state closed
[0m22:22:16.197700 [debug] [Thread-3 (]: Using postgres connection "model.fintech_data.stg_transactions"
[0m22:22:16.198595 [debug] [Thread-2 (]: Using postgres connection "model.fintech_data.stg_customers"
[0m22:22:16.199514 [debug] [Thread-3 (]: On model.fintech_data.stg_transactions: BEGIN
[0m22:22:16.200188 [debug] [Thread-2 (]: On model.fintech_data.stg_customers: BEGIN
[0m22:22:16.200816 [debug] [Thread-3 (]: Opening a new connection, currently in state init
[0m22:22:16.201416 [debug] [Thread-2 (]: Opening a new connection, currently in state init
[0m22:22:16.223378 [debug] [Thread-1 (]: SQL status: BEGIN in 0.0 seconds
[0m22:22:16.223987 [debug] [Thread-1 (]: Using postgres connection "model.fintech_data.stg_accounts"
[0m22:22:16.224602 [debug] [Thread-1 (]: On model.fintech_data.stg_accounts: /* {"app": "dbt", "dbt_version": "1.7.13", "profile_name": "fintech_dbt", "target_name": "dev", "node_id": "model.fintech_data.stg_accounts"} */

  create view "neondb"."public"."stg_accounts__dbt_tmp"
    
    
  as (
    SELECT
    account_id,
    customer_id,
    account_type,
    balance
FROM "neondb"."public"."accounts"
  );
[0m22:22:16.226199 [debug] [Thread-3 (]: SQL status: BEGIN in 0.0 seconds
[0m22:22:16.226807 [debug] [Thread-3 (]: Using postgres connection "model.fintech_data.stg_transactions"
[0m22:22:16.227396 [debug] [Thread-3 (]: On model.fintech_data.stg_transactions: /* {"app": "dbt", "dbt_version": "1.7.13", "profile_name": "fintech_dbt", "target_name": "dev", "node_id": "model.fintech_data.stg_transactions"} */

  create view "neondb"."public"."stg_transactions__dbt_tmp"
    
    
  as (
    SELECT
    transaction_id,
    account_id,
    transaction_amount AS amount,
    transaction_date
FROM "neondb"."public"."transactions"
  );
[0m22:22:16.230983 [debug] [Thread-1 (]: SQL status: CREATE VIEW in 0.0 seconds
[0m22:22:16.231578 [debug] [Thread-3 (]: SQL status: CREATE VIEW in 0.0 seconds
[0m22:22:16.238656 [debug] [Thread-1 (]: Using postgres connection "model.fintech_data.stg_accounts"
[0m22:22:16.239316 [debug] [Thread-2 (]: SQL status: BEGIN in 0.0 seconds
[0m22:22:16.242597 [debug] [Thread-3 (]: Using postgres connection "model.fintech_data.stg_transactions"
[0m22:22:16.243221 [debug] [Thread-1 (]: On model.fintech_data.stg_accounts: /* {"app": "dbt", "dbt_version": "1.7.13", "profile_name": "fintech_dbt", "target_name": "dev", "node_id": "model.fintech_data.stg_accounts"} */
alter table "neondb"."public"."stg_accounts" rename to "stg_accounts__dbt_backup"
[0m22:22:16.243865 [debug] [Thread-2 (]: Using postgres connection "model.fintech_data.stg_customers"
[0m22:22:16.244493 [debug] [Thread-3 (]: On model.fintech_data.stg_transactions: /* {"app": "dbt", "dbt_version": "1.7.13", "profile_name": "fintech_dbt", "target_name": "dev", "node_id": "model.fintech_data.stg_transactions"} */
alter table "neondb"."public"."stg_transactions__dbt_tmp" rename to "stg_transactions"
[0m22:22:16.245215 [debug] [Thread-2 (]: On model.fintech_data.stg_customers: /* {"app": "dbt", "dbt_version": "1.7.13", "profile_name": "fintech_dbt", "target_name": "dev", "node_id": "model.fintech_data.stg_customers"} */

  create view "neondb"."public"."stg_customers__dbt_tmp"
    
    
  as (
    SELECT
    customer_id,
    full_name,
    email
FROM "neondb"."public"."customers"
  );
[0m22:22:16.248059 [debug] [Thread-1 (]: SQL status: ALTER TABLE in 0.0 seconds
[0m22:22:16.252752 [debug] [Thread-1 (]: Using postgres connection "model.fintech_data.stg_accounts"
[0m22:22:16.254287 [debug] [Thread-1 (]: On model.fintech_data.stg_accounts: /* {"app": "dbt", "dbt_version": "1.7.13", "profile_name": "fintech_dbt", "target_name": "dev", "node_id": "model.fintech_data.stg_accounts"} */
alter table "neondb"."public"."stg_accounts__dbt_tmp" rename to "stg_accounts"
[0m22:22:16.253388 [debug] [Thread-3 (]: SQL status: ALTER TABLE in 0.0 seconds
[0m22:22:16.255295 [debug] [Thread-2 (]: SQL status: CREATE VIEW in 0.0 seconds
[0m22:22:16.278975 [debug] [Thread-1 (]: SQL status: ALTER TABLE in 0.0 seconds
[0m22:22:16.270574 [debug] [Thread-2 (]: Using postgres connection "model.fintech_data.stg_customers"
[0m22:22:16.297362 [debug] [Thread-2 (]: On model.fintech_data.stg_customers: /* {"app": "dbt", "dbt_version": "1.7.13", "profile_name": "fintech_dbt", "target_name": "dev", "node_id": "model.fintech_data.stg_customers"} */
alter table "neondb"."public"."stg_customers__dbt_tmp" rename to "stg_customers"
[0m22:22:16.296232 [debug] [Thread-3 (]: On model.fintech_data.stg_transactions: COMMIT
[0m22:22:16.298984 [debug] [Thread-1 (]: On model.fintech_data.stg_accounts: COMMIT
[0m22:22:16.301523 [debug] [Thread-1 (]: Using postgres connection "model.fintech_data.stg_accounts"
[0m22:22:16.300139 [debug] [Thread-3 (]: Using postgres connection "model.fintech_data.stg_transactions"
[0m22:22:16.303795 [debug] [Thread-3 (]: On model.fintech_data.stg_transactions: COMMIT
[0m22:22:16.304710 [debug] [Thread-2 (]: SQL status: ALTER TABLE in 0.0 seconds
[0m22:22:16.302587 [debug] [Thread-1 (]: On model.fintech_data.stg_accounts: COMMIT
[0m22:22:16.308167 [debug] [Thread-2 (]: On model.fintech_data.stg_customers: COMMIT
[0m22:22:16.310402 [debug] [Thread-2 (]: Using postgres connection "model.fintech_data.stg_customers"
[0m22:22:16.309462 [debug] [Thread-3 (]: SQL status: COMMIT in 0.0 seconds
[0m22:22:16.313365 [debug] [Thread-1 (]: SQL status: COMMIT in 0.0 seconds
[0m22:22:16.311436 [debug] [Thread-2 (]: On model.fintech_data.stg_customers: COMMIT
[0m22:22:16.410213 [debug] [Thread-3 (]: Applying DROP to: "neondb"."public"."stg_transactions__dbt_backup"
[0m22:22:16.413244 [debug] [Thread-1 (]: Applying DROP to: "neondb"."public"."stg_accounts__dbt_backup"
[0m22:22:16.419945 [debug] [Thread-3 (]: Using postgres connection "model.fintech_data.stg_transactions"
[0m22:22:16.420602 [debug] [Thread-2 (]: SQL status: COMMIT in 0.0 seconds
[0m22:22:16.421812 [debug] [Thread-1 (]: Using postgres connection "model.fintech_data.stg_accounts"
[0m22:22:16.422501 [debug] [Thread-3 (]: On model.fintech_data.stg_transactions: /* {"app": "dbt", "dbt_version": "1.7.13", "profile_name": "fintech_dbt", "target_name": "dev", "node_id": "model.fintech_data.stg_transactions"} */
drop view if exists "neondb"."public"."stg_transactions__dbt_backup" cascade
[0m22:22:16.425976 [debug] [Thread-2 (]: Applying DROP to: "neondb"."public"."stg_customers__dbt_backup"
[0m22:22:16.426622 [debug] [Thread-1 (]: On model.fintech_data.stg_accounts: /* {"app": "dbt", "dbt_version": "1.7.13", "profile_name": "fintech_dbt", "target_name": "dev", "node_id": "model.fintech_data.stg_accounts"} */
drop view if exists "neondb"."public"."stg_accounts__dbt_backup" cascade
[0m22:22:16.428016 [debug] [Thread-2 (]: Using postgres connection "model.fintech_data.stg_customers"
[0m22:22:16.428808 [debug] [Thread-2 (]: On model.fintech_data.stg_customers: /* {"app": "dbt", "dbt_version": "1.7.13", "profile_name": "fintech_dbt", "target_name": "dev", "node_id": "model.fintech_data.stg_customers"} */
drop view if exists "neondb"."public"."stg_customers__dbt_backup" cascade
[0m22:22:16.429781 [debug] [Thread-3 (]: SQL status: DROP VIEW in 0.0 seconds
[0m22:22:16.431548 [debug] [Thread-3 (]: Timing info for model.fintech_data.stg_transactions (execute): 22:22:16.141058 => 22:22:16.431240
[0m22:22:16.432163 [debug] [Thread-3 (]: On model.fintech_data.stg_transactions: Close
[0m22:22:16.432852 [debug] [Thread-1 (]: SQL status: DROP VIEW in 0.0 seconds
[0m22:22:16.433456 [debug] [Thread-2 (]: SQL status: DROP VIEW in 0.0 seconds
[0m22:22:16.435193 [debug] [Thread-1 (]: Timing info for model.fintech_data.stg_accounts (execute): 22:22:16.108984 => 22:22:16.434938
[0m22:22:16.436080 [debug] [Thread-3 (]: Sending event: {'category': 'dbt', 'action': 'run_model', 'label': '451f00a1-4235-4a29-a5a4-40a253938678', 'context': [<snowplow_tracker.self_describing_json.SelfDescribingJson object at 0x7be4ebf3f950>]}
[0m22:22:16.437780 [debug] [Thread-2 (]: Timing info for model.fintech_data.stg_customers (execute): 22:22:16.187453 => 22:22:16.437525
[0m22:22:16.438412 [debug] [Thread-1 (]: On model.fintech_data.stg_accounts: Close
[0m22:22:16.439482 [info ] [Thread-3 (]: 3 of 6 OK created sql view model public.stg_transactions ....................... [[32mCREATE VIEW[0m in 0.35s]
[0m22:22:16.443507 [debug] [Thread-3 (]: Finished running node model.fintech_data.stg_transactions
[0m22:22:16.440540 [debug] [Thread-2 (]: On model.fintech_data.stg_customers: Close
[0m22:22:16.442110 [debug] [Thread-1 (]: Sending event: {'category': 'dbt', 'action': 'run_model', 'label': '451f00a1-4235-4a29-a5a4-40a253938678', 'context': [<snowplow_tracker.self_describing_json.SelfDescribingJson object at 0x7be4ebf3f3b0>]}
[0m22:22:16.445908 [info ] [Thread-1 (]: 1 of 6 OK created sql view model public.stg_accounts ........................... [[32mCREATE VIEW[0m in 0.36s]
[0m22:22:16.444846 [debug] [Thread-2 (]: Sending event: {'category': 'dbt', 'action': 'run_model', 'label': '451f00a1-4235-4a29-a5a4-40a253938678', 'context': [<snowplow_tracker.self_describing_json.SelfDescribingJson object at 0x7be4ebf93e90>]}
[0m22:22:16.447247 [debug] [Thread-1 (]: Finished running node model.fintech_data.stg_accounts
[0m22:22:16.448226 [info ] [Thread-2 (]: 2 of 6 OK created sql view model public.stg_customers .......................... [[32mCREATE VIEW[0m in 0.36s]
[0m22:22:16.449791 [debug] [Thread-2 (]: Finished running node model.fintech_data.stg_customers
[0m22:22:16.451064 [debug] [Thread-4 (]: Began running node model.fintech_data.dim_accounts
[0m22:22:16.451653 [debug] [Thread-3 (]: Began running node model.fintech_data.fct_transactions
[0m22:22:16.452174 [debug] [Thread-1 (]: Began running node model.fintech_data.dim_customers
[0m22:22:16.452870 [info ] [Thread-4 (]: 4 of 6 START sql table model public.dim_accounts ............................... [RUN]
[0m22:22:16.453865 [info ] [Thread-3 (]: 5 of 6 START sql table model public.fct_transactions ........................... [RUN]
[0m22:22:16.455004 [info ] [Thread-1 (]: 6 of 6 START sql table model public.dim_customers .............................. [RUN]
[0m22:22:16.461413 [debug] [Thread-1 (]: Re-using an available connection from the pool (formerly model.fintech_data.stg_accounts, now model.fintech_data.dim_customers)
[0m22:22:16.456331 [debug] [Thread-4 (]: Acquiring new postgres connection 'model.fintech_data.dim_accounts'
[0m22:22:16.459889 [debug] [Thread-3 (]: Re-using an available connection from the pool (formerly model.fintech_data.stg_transactions, now model.fintech_data.fct_transactions)
[0m22:22:16.462323 [debug] [Thread-1 (]: Began compiling node model.fintech_data.dim_customers
[0m22:22:16.463126 [debug] [Thread-4 (]: Began compiling node model.fintech_data.dim_accounts
[0m22:22:16.463795 [debug] [Thread-3 (]: Began compiling node model.fintech_data.fct_transactions
[0m22:22:16.466840 [debug] [Thread-1 (]: Writing injected SQL for node "model.fintech_data.dim_customers"
[0m22:22:16.469770 [debug] [Thread-4 (]: Writing injected SQL for node "model.fintech_data.dim_accounts"
[0m22:22:16.472567 [debug] [Thread-3 (]: Writing injected SQL for node "model.fintech_data.fct_transactions"
[0m22:22:16.473671 [debug] [Thread-1 (]: Timing info for model.fintech_data.dim_customers (compile): 22:22:16.464196 => 22:22:16.473359
[0m22:22:16.474608 [debug] [Thread-4 (]: Timing info for model.fintech_data.dim_accounts (compile): 22:22:16.467449 => 22:22:16.474235
[0m22:22:16.475133 [debug] [Thread-1 (]: Began executing node model.fintech_data.dim_customers
[0m22:22:16.475771 [debug] [Thread-3 (]: Timing info for model.fintech_data.fct_transactions (compile): 22:22:16.470192 => 22:22:16.475503
[0m22:22:16.500191 [debug] [Thread-3 (]: Began executing node model.fintech_data.fct_transactions
[0m22:22:16.476399 [debug] [Thread-4 (]: Began executing node model.fintech_data.dim_accounts
[0m22:22:16.508076 [debug] [Thread-1 (]: Writing runtime sql for node "model.fintech_data.dim_customers"
[0m22:22:16.513151 [debug] [Thread-3 (]: Writing runtime sql for node "model.fintech_data.fct_transactions"
[0m22:22:16.517852 [debug] [Thread-4 (]: Writing runtime sql for node "model.fintech_data.dim_accounts"
[0m22:22:16.518710 [debug] [Thread-1 (]: Using postgres connection "model.fintech_data.dim_customers"
[0m22:22:16.519707 [debug] [Thread-4 (]: Using postgres connection "model.fintech_data.dim_accounts"
[0m22:22:16.520318 [debug] [Thread-1 (]: On model.fintech_data.dim_customers: BEGIN
[0m22:22:16.520994 [debug] [Thread-3 (]: Using postgres connection "model.fintech_data.fct_transactions"
[0m22:22:16.521844 [debug] [Thread-4 (]: On model.fintech_data.dim_accounts: BEGIN
[0m22:22:16.522467 [debug] [Thread-1 (]: Opening a new connection, currently in state closed
[0m22:22:16.523068 [debug] [Thread-3 (]: On model.fintech_data.fct_transactions: BEGIN
[0m22:22:16.523691 [debug] [Thread-4 (]: Opening a new connection, currently in state init
[0m22:22:16.524640 [debug] [Thread-3 (]: Opening a new connection, currently in state closed
[0m22:22:16.550233 [debug] [Thread-1 (]: SQL status: BEGIN in 0.0 seconds
[0m22:22:16.551145 [debug] [Thread-1 (]: Using postgres connection "model.fintech_data.dim_customers"
[0m22:22:16.552234 [debug] [Thread-1 (]: On model.fintech_data.dim_customers: /* {"app": "dbt", "dbt_version": "1.7.13", "profile_name": "fintech_dbt", "target_name": "dev", "node_id": "model.fintech_data.dim_customers"} */

  
    

  create  table "neondb"."public"."dim_customers__dbt_tmp"
  
  
    as
  
  (
    WITH customers AS (
    SELECT * FROM "neondb"."public"."stg_customers"
)
SELECT 
    customer_id,
    full_name,
    email
FROM customers
  );
  
[0m22:22:16.555621 [debug] [Thread-3 (]: SQL status: BEGIN in 0.0 seconds
[0m22:22:16.556501 [debug] [Thread-3 (]: Using postgres connection "model.fintech_data.fct_transactions"
[0m22:22:16.557332 [debug] [Thread-3 (]: On model.fintech_data.fct_transactions: /* {"app": "dbt", "dbt_version": "1.7.13", "profile_name": "fintech_dbt", "target_name": "dev", "node_id": "model.fintech_data.fct_transactions"} */

  
    

  create  table "neondb"."public"."fct_transactions__dbt_tmp"
  
  
    as
  
  (
    WITH transactions AS (
    SELECT * FROM "neondb"."public"."stg_transactions"
),
accounts AS (
    SELECT * FROM "neondb"."public"."stg_accounts"
)
SELECT 
    t.transaction_id,
    t.account_id,
    a.customer_id,
    t.transaction_date,
    DATE(t.transaction_date) AS date_key,
    t.amount
FROM transactions t
LEFT JOIN accounts a ON t.account_id = a.account_id
  );
  
[0m22:22:16.559909 [debug] [Thread-4 (]: SQL status: BEGIN in 0.0 seconds
[0m22:22:16.560505 [debug] [Thread-4 (]: Using postgres connection "model.fintech_data.dim_accounts"
[0m22:22:16.561083 [debug] [Thread-4 (]: On model.fintech_data.dim_accounts: /* {"app": "dbt", "dbt_version": "1.7.13", "profile_name": "fintech_dbt", "target_name": "dev", "node_id": "model.fintech_data.dim_accounts"} */

  
    

  create  table "neondb"."public"."dim_accounts__dbt_tmp"
  
  
    as
  
  (
    WITH accounts AS (
    SELECT * FROM "neondb"."public"."stg_accounts"
)
SELECT 
    account_id,
    customer_id,
    account_type,
    balance AS current_balance
FROM accounts
  );
  
[0m22:22:16.563974 [debug] [Thread-1 (]: SQL status: SELECT 100 in 0.0 seconds
[0m22:22:16.567367 [debug] [Thread-1 (]: Using postgres connection "model.fintech_data.dim_customers"
[0m22:22:16.568054 [debug] [Thread-4 (]: SQL status: SELECT 193 in 0.0 seconds
[0m22:22:16.568616 [debug] [Thread-1 (]: On model.fintech_data.dim_customers: /* {"app": "dbt", "dbt_version": "1.7.13", "profile_name": "fintech_dbt", "target_name": "dev", "node_id": "model.fintech_data.dim_customers"} */
alter table "neondb"."public"."dim_customers__dbt_tmp" rename to "dim_customers"
[0m22:22:16.572961 [debug] [Thread-4 (]: Using postgres connection "model.fintech_data.dim_accounts"
[0m22:22:16.573732 [debug] [Thread-4 (]: On model.fintech_data.dim_accounts: /* {"app": "dbt", "dbt_version": "1.7.13", "profile_name": "fintech_dbt", "target_name": "dev", "node_id": "model.fintech_data.dim_accounts"} */
alter table "neondb"."public"."dim_accounts" rename to "dim_accounts__dbt_backup"
[0m22:22:16.575705 [debug] [Thread-1 (]: SQL status: ALTER TABLE in 0.0 seconds
[0m22:22:16.581613 [debug] [Thread-1 (]: On model.fintech_data.dim_customers: COMMIT
[0m22:22:16.582236 [debug] [Thread-4 (]: SQL status: ALTER TABLE in 0.0 seconds
[0m22:22:16.582807 [debug] [Thread-1 (]: Using postgres connection "model.fintech_data.dim_customers"
[0m22:22:16.588233 [debug] [Thread-4 (]: Using postgres connection "model.fintech_data.dim_accounts"
[0m22:22:16.589442 [debug] [Thread-1 (]: On model.fintech_data.dim_customers: COMMIT
[0m22:22:16.590103 [debug] [Thread-4 (]: On model.fintech_data.dim_accounts: /* {"app": "dbt", "dbt_version": "1.7.13", "profile_name": "fintech_dbt", "target_name": "dev", "node_id": "model.fintech_data.dim_accounts"} */
alter table "neondb"."public"."dim_accounts__dbt_tmp" rename to "dim_accounts"
[0m22:22:16.595164 [debug] [Thread-4 (]: SQL status: ALTER TABLE in 0.0 seconds
[0m22:22:16.598072 [debug] [Thread-4 (]: On model.fintech_data.dim_accounts: COMMIT
[0m22:22:16.598671 [debug] [Thread-3 (]: SQL status: SELECT 10000 in 0.0 seconds
[0m22:22:16.599305 [debug] [Thread-1 (]: SQL status: COMMIT in 0.0 seconds
[0m22:22:16.599830 [debug] [Thread-4 (]: Using postgres connection "model.fintech_data.dim_accounts"
[0m22:22:16.603104 [debug] [Thread-3 (]: Using postgres connection "model.fintech_data.fct_transactions"
[0m22:22:16.605901 [debug] [Thread-1 (]: Applying DROP to: "neondb"."public"."dim_customers__dbt_backup"
[0m22:22:16.606547 [debug] [Thread-4 (]: On model.fintech_data.dim_accounts: COMMIT
[0m22:22:16.607192 [debug] [Thread-3 (]: On model.fintech_data.fct_transactions: /* {"app": "dbt", "dbt_version": "1.7.13", "profile_name": "fintech_dbt", "target_name": "dev", "node_id": "model.fintech_data.fct_transactions"} */
alter table "neondb"."public"."fct_transactions__dbt_tmp" rename to "fct_transactions"
[0m22:22:16.611204 [debug] [Thread-1 (]: Using postgres connection "model.fintech_data.dim_customers"
[0m22:22:16.612053 [debug] [Thread-1 (]: On model.fintech_data.dim_customers: /* {"app": "dbt", "dbt_version": "1.7.13", "profile_name": "fintech_dbt", "target_name": "dev", "node_id": "model.fintech_data.dim_customers"} */
drop table if exists "neondb"."public"."dim_customers__dbt_backup" cascade
[0m22:22:16.614875 [debug] [Thread-3 (]: SQL status: ALTER TABLE in 0.0 seconds
[0m22:22:16.615434 [debug] [Thread-1 (]: SQL status: DROP TABLE in 0.0 seconds
[0m22:22:16.617810 [debug] [Thread-3 (]: On model.fintech_data.fct_transactions: COMMIT
[0m22:22:16.618392 [debug] [Thread-4 (]: SQL status: COMMIT in 0.0 seconds
[0m22:22:16.620090 [debug] [Thread-1 (]: Timing info for model.fintech_data.dim_customers (execute): 22:22:16.476803 => 22:22:16.619822
[0m22:22:16.620757 [debug] [Thread-3 (]: Using postgres connection "model.fintech_data.fct_transactions"
[0m22:22:16.623686 [debug] [Thread-4 (]: Applying DROP to: "neondb"."public"."dim_accounts__dbt_backup"
[0m22:22:16.624354 [debug] [Thread-1 (]: On model.fintech_data.dim_customers: Close
[0m22:22:16.624982 [debug] [Thread-3 (]: On model.fintech_data.fct_transactions: COMMIT
[0m22:22:16.626247 [debug] [Thread-4 (]: Using postgres connection "model.fintech_data.dim_accounts"
[0m22:22:16.627392 [debug] [Thread-1 (]: Sending event: {'category': 'dbt', 'action': 'run_model', 'label': '451f00a1-4235-4a29-a5a4-40a253938678', 'context': [<snowplow_tracker.self_describing_json.SelfDescribingJson object at 0x7be4ec7d0770>]}
[0m22:22:16.628071 [debug] [Thread-4 (]: On model.fintech_data.dim_accounts: /* {"app": "dbt", "dbt_version": "1.7.13", "profile_name": "fintech_dbt", "target_name": "dev", "node_id": "model.fintech_data.dim_accounts"} */
drop table if exists "neondb"."public"."dim_accounts__dbt_backup" cascade
[0m22:22:16.628948 [info ] [Thread-1 (]: 6 of 6 OK created sql table model public.dim_customers ......................... [[32mSELECT 100[0m in 0.17s]
[0m22:22:16.630004 [debug] [Thread-1 (]: Finished running node model.fintech_data.dim_customers
[0m22:22:16.631053 [debug] [Thread-3 (]: SQL status: COMMIT in 0.0 seconds
[0m22:22:16.633939 [debug] [Thread-3 (]: Applying DROP to: "neondb"."public"."fct_transactions__dbt_backup"
[0m22:22:16.635338 [debug] [Thread-3 (]: Using postgres connection "model.fintech_data.fct_transactions"
[0m22:22:16.636080 [debug] [Thread-3 (]: On model.fintech_data.fct_transactions: /* {"app": "dbt", "dbt_version": "1.7.13", "profile_name": "fintech_dbt", "target_name": "dev", "node_id": "model.fintech_data.fct_transactions"} */
drop table if exists "neondb"."public"."fct_transactions__dbt_backup" cascade
[0m22:22:16.637346 [debug] [Thread-4 (]: SQL status: DROP TABLE in 0.0 seconds
[0m22:22:16.639167 [debug] [Thread-4 (]: Timing info for model.fintech_data.dim_accounts (execute): 22:22:16.513584 => 22:22:16.638914
[0m22:22:16.639840 [debug] [Thread-4 (]: On model.fintech_data.dim_accounts: Close
[0m22:22:16.640481 [debug] [Thread-3 (]: SQL status: DROP TABLE in 0.0 seconds
[0m22:22:16.642168 [debug] [Thread-3 (]: Timing info for model.fintech_data.fct_transactions (execute): 22:22:16.508714 => 22:22:16.641909
[0m22:22:16.642990 [debug] [Thread-4 (]: Sending event: {'category': 'dbt', 'action': 'run_model', 'label': '451f00a1-4235-4a29-a5a4-40a253938678', 'context': [<snowplow_tracker.self_describing_json.SelfDescribingJson object at 0x7be4ec7d91f0>]}
[0m22:22:16.643668 [debug] [Thread-3 (]: On model.fintech_data.fct_transactions: Close
[0m22:22:16.644421 [info ] [Thread-4 (]: 4 of 6 OK created sql table model public.dim_accounts .......................... [[32mSELECT 193[0m in 0.19s]
[0m22:22:16.645486 [debug] [Thread-4 (]: Finished running node model.fintech_data.dim_accounts
[0m22:22:16.646288 [debug] [Thread-3 (]: Sending event: {'category': 'dbt', 'action': 'run_model', 'label': '451f00a1-4235-4a29-a5a4-40a253938678', 'context': [<snowplow_tracker.self_describing_json.SelfDescribingJson object at 0x7be4ec7d31a0>]}
[0m22:22:16.647163 [info ] [Thread-3 (]: 5 of 6 OK created sql table model public.fct_transactions ...................... [[32mSELECT 10000[0m in 0.19s]
[0m22:22:16.648084 [debug] [Thread-3 (]: Finished running node model.fintech_data.fct_transactions
[0m22:22:16.650052 [debug] [MainThread]: Using postgres connection "master"
[0m22:22:16.650625 [debug] [MainThread]: On master: BEGIN
[0m22:22:16.651377 [debug] [MainThread]: Opening a new connection, currently in state closed
[0m22:22:16.671471 [debug] [MainThread]: SQL status: BEGIN in 0.0 seconds
[0m22:22:16.672019 [debug] [MainThread]: On master: COMMIT
[0m22:22:16.672579 [debug] [MainThread]: Using postgres connection "master"
[0m22:22:16.673093 [debug] [MainThread]: On master: COMMIT
[0m22:22:16.675954 [debug] [MainThread]: SQL status: COMMIT in 0.0 seconds
[0m22:22:16.676516 [debug] [MainThread]: On master: Close
[0m22:22:16.677393 [debug] [MainThread]: Connection 'master' was properly closed.
[0m22:22:16.677908 [debug] [MainThread]: Connection 'model.fintech_data.dim_customers' was properly closed.
[0m22:22:16.678456 [debug] [MainThread]: Connection 'model.fintech_data.stg_customers' was properly closed.
[0m22:22:16.678950 [debug] [MainThread]: Connection 'model.fintech_data.fct_transactions' was properly closed.
[0m22:22:16.679459 [debug] [MainThread]: Connection 'model.fintech_data.dim_accounts' was properly closed.
[0m22:22:16.680009 [info ] [MainThread]: 
[0m22:22:16.680663 [info ] [MainThread]: Finished running 3 view models, 3 table models in 0 hours 0 minutes and 0.86 seconds (0.86s).
[0m22:22:16.682222 [debug] [MainThread]: Command end result
[0m22:22:16.689491 [info ] [MainThread]: 
[0m22:22:16.690401 [info ] [MainThread]: [32mCompleted successfully[0m
[0m22:22:16.691025 [info ] [MainThread]: 
[0m22:22:16.691678 [info ] [MainThread]: Done. PASS=6 WARN=0 ERROR=0 SKIP=0 TOTAL=6
[0m22:22:16.693162 [debug] [MainThread]: Resource report: {"command_name": "run", "command_success": true, "command_wall_clock_time": 1.5233752, "process_user_time": 4.568196, "process_kernel_time": 0.220417, "process_mem_max_rss": "139184", "process_out_blocks": "2536", "process_in_blocks": "0"}
[0m22:22:16.694169 [debug] [MainThread]: Command `dbt run` succeeded at 22:22:16.693878 after 1.52 seconds
[0m22:22:16.695523 [debug] [MainThread]: Sending event: {'category': 'dbt', 'action': 'invocation', 'label': 'end', 'context': [<snowplow_tracker.self_describing_json.SelfDescribingJson object at 0x7be4edb61520>, <snowplow_tracker.self_describing_json.SelfDescribingJson object at 0x7be4ee72adb0>, <snowplow_tracker.self_describing_json.SelfDescribingJson object at 0x7be4ecf6d6d0>]}
[0m22:22:16.696184 [debug] [MainThread]: Flushing usage events
[0m22:25:14.439173 [debug] [MainThread]: Sending event: {'category': 'dbt', 'action': 'invocation', 'label': 'start', 'context': [<snowplow_tracker.self_describing_json.SelfDescribingJson object at 0x76fdc5c81dc0>, <snowplow_tracker.self_describing_json.SelfDescribingJson object at 0x76fdc85b2420>, <snowplow_tracker.self_describing_json.SelfDescribingJson object at 0x76fdc5d2a300>]}


============================== 22:25:14.443729 | 0eab7493-a130-4228-bc8d-b3948e86bd2d ==============================
[0m22:25:14.443729 [info ] [MainThread]: Running with dbt=1.7.13
[0m22:25:14.444879 [debug] [MainThread]: running dbt with arguments {'printer_width': '80', 'indirect_selection': 'eager', 'write_json': 'True', 'log_cache_events': 'False', 'partial_parse': 'True', 'cache_selected_only': 'False', 'warn_error': 'None', 'fail_fast': 'False', 'profiles_dir': '/home/codespace/.dbt', 'log_path': '/workspaces/EAS550_FintechData/logs', 'debug': 'False', 'version_check': 'True', 'use_colors': 'True', 'use_experimental_parser': 'False', 'no_print': 'None', 'quiet': 'False', 'warn_error_options': 'WarnErrorOptions(include=[], exclude=[])', 'introspect': 'True', 'static_parser': 'True', 'invocation_command': 'dbt test', 'target_path': 'None', 'log_format': 'default', 'send_anonymous_usage_stats': 'True'}
[0m22:25:14.732137 [debug] [MainThread]: Sending event: {'category': 'dbt', 'action': 'project_id', 'label': '0eab7493-a130-4228-bc8d-b3948e86bd2d', 'context': [<snowplow_tracker.self_describing_json.SelfDescribingJson object at 0x76fdc5c81be0>]}
[0m22:25:14.828759 [debug] [MainThread]: Sending event: {'category': 'dbt', 'action': 'adapter_info', 'label': '0eab7493-a130-4228-bc8d-b3948e86bd2d', 'context': [<snowplow_tracker.self_describing_json.SelfDescribingJson object at 0x76fdc5cbc800>]}
[0m22:25:14.829644 [info ] [MainThread]: Registered adapter: postgres=1.7.13
[0m22:25:14.838473 [debug] [MainThread]: checksum: 6c24e2ee36a42cedd7e5de2827d214776eb7a8e8f425f6d8acb06c31add0afef, vars: {}, profile: , target: , version: 1.7.13
[0m22:25:14.865915 [debug] [MainThread]: Partial parsing enabled: 0 files deleted, 1 files added, 0 files changed.
[0m22:25:14.866630 [debug] [MainThread]: Partial parsing: added file: fintech_data://models/marts/finance/schema.yml
[0m22:25:15.121599 [debug] [MainThread]: Sending event: {'category': 'dbt', 'action': 'load_project', 'label': '0eab7493-a130-4228-bc8d-b3948e86bd2d', 'context': [<snowplow_tracker.self_describing_json.SelfDescribingJson object at 0x76fdc3f38170>]}
[0m22:25:15.131739 [debug] [MainThread]: Sending event: {'category': 'dbt', 'action': 'resource_counts', 'label': '0eab7493-a130-4228-bc8d-b3948e86bd2d', 'context': [<snowplow_tracker.self_describing_json.SelfDescribingJson object at 0x76fdc4b81430>]}
[0m22:25:15.132410 [info ] [MainThread]: Found 6 models, 9 tests, 3 sources, 0 exposures, 0 metrics, 401 macros, 0 groups, 0 semantic models
[0m22:25:15.133075 [debug] [MainThread]: Sending event: {'category': 'dbt', 'action': 'runnable_timing', 'label': '0eab7493-a130-4228-bc8d-b3948e86bd2d', 'context': [<snowplow_tracker.self_describing_json.SelfDescribingJson object at 0x76fdc47e3320>]}
[0m22:25:15.135571 [info ] [MainThread]: 
[0m22:25:15.136605 [debug] [MainThread]: Acquiring new postgres connection 'master'
[0m22:25:15.138281 [debug] [ThreadPool]: Acquiring new postgres connection 'list_neondb_public'
[0m22:25:15.150651 [debug] [ThreadPool]: Using postgres connection "list_neondb_public"
[0m22:25:15.151220 [debug] [ThreadPool]: On list_neondb_public: BEGIN
[0m22:25:15.151770 [debug] [ThreadPool]: Opening a new connection, currently in state init
[0m22:25:15.172214 [debug] [ThreadPool]: SQL status: BEGIN in 0.0 seconds
[0m22:25:15.172973 [debug] [ThreadPool]: Using postgres connection "list_neondb_public"
[0m22:25:15.173538 [debug] [ThreadPool]: On list_neondb_public: /* {"app": "dbt", "dbt_version": "1.7.13", "profile_name": "fintech_dbt", "target_name": "dev", "connection_name": "list_neondb_public"} */
select
      'neondb' as database,
      tablename as name,
      schemaname as schema,
      'table' as type
    from pg_tables
    where schemaname ilike 'public'
    union all
    select
      'neondb' as database,
      viewname as name,
      schemaname as schema,
      'view' as type
    from pg_views
    where schemaname ilike 'public'
    union all
    select
      'neondb' as database,
      matviewname as name,
      schemaname as schema,
      'materialized_view' as type
    from pg_matviews
    where schemaname ilike 'public'
  
[0m22:25:15.177565 [debug] [ThreadPool]: SQL status: SELECT 10 in 0.0 seconds
[0m22:25:15.179222 [debug] [ThreadPool]: On list_neondb_public: ROLLBACK
[0m22:25:15.181543 [debug] [ThreadPool]: On list_neondb_public: Close
[0m22:25:15.189411 [debug] [MainThread]: Using postgres connection "master"
[0m22:25:15.190089 [debug] [MainThread]: On master: BEGIN
[0m22:25:15.190645 [debug] [MainThread]: Opening a new connection, currently in state init
[0m22:25:15.214433 [debug] [MainThread]: SQL status: BEGIN in 0.0 seconds
[0m22:25:15.215122 [debug] [MainThread]: Using postgres connection "master"
[0m22:25:15.215736 [debug] [MainThread]: On master: /* {"app": "dbt", "dbt_version": "1.7.13", "profile_name": "fintech_dbt", "target_name": "dev", "connection_name": "master"} */
with relation as (
        select
            pg_rewrite.ev_class as class,
            pg_rewrite.oid as id
        from pg_rewrite
    ),
    class as (
        select
            oid as id,
            relname as name,
            relnamespace as schema,
            relkind as kind
        from pg_class
    ),
    dependency as (
        select distinct
            pg_depend.objid as id,
            pg_depend.refobjid as ref
        from pg_depend
    ),
    schema as (
        select
            pg_namespace.oid as id,
            pg_namespace.nspname as name
        from pg_namespace
        where nspname != 'information_schema' and nspname not like 'pg\_%'
    ),
    referenced as (
        select
            relation.id AS id,
            referenced_class.name ,
            referenced_class.schema ,
            referenced_class.kind
        from relation
        join class as referenced_class on relation.class=referenced_class.id
        where referenced_class.kind in ('r', 'v', 'm')
    ),
    relationships as (
        select
            referenced.name as referenced_name,
            referenced.schema as referenced_schema_id,
            dependent_class.name as dependent_name,
            dependent_class.schema as dependent_schema_id,
            referenced.kind as kind
        from referenced
        join dependency on referenced.id=dependency.id
        join class as dependent_class on dependency.ref=dependent_class.id
        where
            (referenced.name != dependent_class.name or
             referenced.schema != dependent_class.schema)
    )

    select
        referenced_schema.name as referenced_schema,
        relationships.referenced_name as referenced_name,
        dependent_schema.name as dependent_schema,
        relationships.dependent_name as dependent_name
    from relationships
    join schema as dependent_schema on relationships.dependent_schema_id=dependent_schema.id
    join schema as referenced_schema on relationships.referenced_schema_id=referenced_schema.id
    group by referenced_schema, referenced_name, dependent_schema, dependent_name
    order by referenced_schema, referenced_name, dependent_schema, dependent_name;
[0m22:25:15.221339 [debug] [MainThread]: SQL status: SELECT 3 in 0.0 seconds
[0m22:25:15.223469 [debug] [MainThread]: Sending event: {'category': 'dbt', 'action': 'runnable_timing', 'label': '0eab7493-a130-4228-bc8d-b3948e86bd2d', 'context': [<snowplow_tracker.self_describing_json.SelfDescribingJson object at 0x76fdc43195e0>]}
[0m22:25:15.224050 [debug] [MainThread]: On master: ROLLBACK
[0m22:25:15.226989 [debug] [MainThread]: Using postgres connection "master"
[0m22:25:15.227714 [debug] [MainThread]: On master: BEGIN
[0m22:25:15.232813 [debug] [MainThread]: SQL status: BEGIN in 0.0 seconds
[0m22:25:15.233360 [debug] [MainThread]: On master: COMMIT
[0m22:25:15.233870 [debug] [MainThread]: Using postgres connection "master"
[0m22:25:15.234390 [debug] [MainThread]: On master: COMMIT
[0m22:25:15.237519 [debug] [MainThread]: SQL status: COMMIT in 0.0 seconds
[0m22:25:15.238169 [debug] [MainThread]: On master: Close
[0m22:25:15.239399 [info ] [MainThread]: Concurrency: 4 threads (target='dev')
[0m22:25:15.240324 [info ] [MainThread]: 
[0m22:25:15.243456 [debug] [Thread-1 (]: Began running node test.fintech_data.not_null_dim_accounts_account_id.cc26245841
[0m22:25:15.244042 [debug] [Thread-2 (]: Began running node test.fintech_data.not_null_dim_customers_customer_id.dd91cd1c8d
[0m22:25:15.244713 [debug] [Thread-3 (]: Began running node test.fintech_data.not_null_fct_transactions_account_id.0e3be7b37b
[0m22:25:15.245296 [info ] [Thread-1 (]: 1 of 9 START test not_null_dim_accounts_account_id ............................. [RUN]
[0m22:25:15.249038 [debug] [Thread-1 (]: Re-using an available connection from the pool (formerly list_neondb_public, now test.fintech_data.not_null_dim_accounts_account_id.cc26245841)
[0m22:25:15.246828 [debug] [Thread-4 (]: Began running node test.fintech_data.not_null_fct_transactions_amount.1d3624d981
[0m22:25:15.246099 [info ] [Thread-2 (]: 2 of 9 START test not_null_dim_customers_customer_id ........................... [RUN]
[0m22:25:15.249934 [debug] [Thread-1 (]: Began compiling node test.fintech_data.not_null_dim_accounts_account_id.cc26245841
[0m22:25:15.247817 [info ] [Thread-3 (]: 3 of 9 START test not_null_fct_transactions_account_id ......................... [RUN]
[0m22:25:15.251030 [info ] [Thread-4 (]: 4 of 9 START test not_null_fct_transactions_amount ............................. [RUN]
[0m22:25:15.252216 [debug] [Thread-2 (]: Acquiring new postgres connection 'test.fintech_data.not_null_dim_customers_customer_id.dd91cd1c8d'
[0m22:25:15.266774 [debug] [Thread-1 (]: Writing injected SQL for node "test.fintech_data.not_null_dim_accounts_account_id.cc26245841"
[0m22:25:15.267781 [debug] [Thread-3 (]: Acquiring new postgres connection 'test.fintech_data.not_null_fct_transactions_account_id.0e3be7b37b'
[0m22:25:15.268784 [debug] [Thread-4 (]: Acquiring new postgres connection 'test.fintech_data.not_null_fct_transactions_amount.1d3624d981'
[0m22:25:15.269422 [debug] [Thread-2 (]: Began compiling node test.fintech_data.not_null_dim_customers_customer_id.dd91cd1c8d
[0m22:25:15.270324 [debug] [Thread-3 (]: Began compiling node test.fintech_data.not_null_fct_transactions_account_id.0e3be7b37b
[0m22:25:15.270998 [debug] [Thread-1 (]: Timing info for test.fintech_data.not_null_dim_accounts_account_id.cc26245841 (compile): 22:25:15.252689 => 22:25:15.270713
[0m22:25:15.271724 [debug] [Thread-4 (]: Began compiling node test.fintech_data.not_null_fct_transactions_amount.1d3624d981
[0m22:25:15.276239 [debug] [Thread-2 (]: Writing injected SQL for node "test.fintech_data.not_null_dim_customers_customer_id.dd91cd1c8d"
[0m22:25:15.280717 [debug] [Thread-3 (]: Writing injected SQL for node "test.fintech_data.not_null_fct_transactions_account_id.0e3be7b37b"
[0m22:25:15.281391 [debug] [Thread-1 (]: Began executing node test.fintech_data.not_null_dim_accounts_account_id.cc26245841
[0m22:25:15.285858 [debug] [Thread-4 (]: Writing injected SQL for node "test.fintech_data.not_null_fct_transactions_amount.1d3624d981"
[0m22:25:15.286907 [debug] [Thread-2 (]: Timing info for test.fintech_data.not_null_dim_customers_customer_id.dd91cd1c8d (compile): 22:25:15.272125 => 22:25:15.286610
[0m22:25:15.287551 [debug] [Thread-3 (]: Timing info for test.fintech_data.not_null_fct_transactions_account_id.0e3be7b37b (compile): 22:25:15.276683 => 22:25:15.287253
[0m22:25:15.304008 [debug] [Thread-1 (]: Writing runtime sql for node "test.fintech_data.not_null_dim_accounts_account_id.cc26245841"
[0m22:25:15.305706 [debug] [Thread-4 (]: Timing info for test.fintech_data.not_null_fct_transactions_amount.1d3624d981 (compile): 22:25:15.281805 => 22:25:15.304999
[0m22:25:15.310785 [debug] [Thread-4 (]: Began executing node test.fintech_data.not_null_fct_transactions_amount.1d3624d981
[0m22:25:15.307725 [debug] [Thread-2 (]: Began executing node test.fintech_data.not_null_dim_customers_customer_id.dd91cd1c8d
[0m22:25:15.309856 [debug] [Thread-1 (]: Using postgres connection "test.fintech_data.not_null_dim_accounts_account_id.cc26245841"
[0m22:25:15.308506 [debug] [Thread-3 (]: Began executing node test.fintech_data.not_null_fct_transactions_account_id.0e3be7b37b
[0m22:25:15.314750 [debug] [Thread-4 (]: Writing runtime sql for node "test.fintech_data.not_null_fct_transactions_amount.1d3624d981"
[0m22:25:15.396335 [debug] [Thread-2 (]: Writing runtime sql for node "test.fintech_data.not_null_dim_customers_customer_id.dd91cd1c8d"
[0m22:25:15.397087 [debug] [Thread-1 (]: On test.fintech_data.not_null_dim_accounts_account_id.cc26245841: BEGIN
[0m22:25:15.399673 [debug] [Thread-3 (]: Writing runtime sql for node "test.fintech_data.not_null_fct_transactions_account_id.0e3be7b37b"
[0m22:25:15.400717 [debug] [Thread-1 (]: Opening a new connection, currently in state closed
[0m22:25:15.401332 [debug] [Thread-2 (]: Using postgres connection "test.fintech_data.not_null_dim_customers_customer_id.dd91cd1c8d"
[0m22:25:15.402117 [debug] [Thread-4 (]: Using postgres connection "test.fintech_data.not_null_fct_transactions_amount.1d3624d981"
[0m22:25:15.402818 [debug] [Thread-3 (]: Using postgres connection "test.fintech_data.not_null_fct_transactions_account_id.0e3be7b37b"
[0m22:25:15.403639 [debug] [Thread-2 (]: On test.fintech_data.not_null_dim_customers_customer_id.dd91cd1c8d: BEGIN
[0m22:25:15.404680 [debug] [Thread-4 (]: On test.fintech_data.not_null_fct_transactions_amount.1d3624d981: BEGIN
[0m22:25:15.405372 [debug] [Thread-3 (]: On test.fintech_data.not_null_fct_transactions_account_id.0e3be7b37b: BEGIN
[0m22:25:15.405973 [debug] [Thread-2 (]: Opening a new connection, currently in state init
[0m22:25:15.406597 [debug] [Thread-4 (]: Opening a new connection, currently in state init
[0m22:25:15.407183 [debug] [Thread-3 (]: Opening a new connection, currently in state init
[0m22:25:15.426593 [debug] [Thread-1 (]: SQL status: BEGIN in 0.0 seconds
[0m22:25:15.427310 [debug] [Thread-1 (]: Using postgres connection "test.fintech_data.not_null_dim_accounts_account_id.cc26245841"
[0m22:25:15.427898 [debug] [Thread-1 (]: On test.fintech_data.not_null_dim_accounts_account_id.cc26245841: /* {"app": "dbt", "dbt_version": "1.7.13", "profile_name": "fintech_dbt", "target_name": "dev", "node_id": "test.fintech_data.not_null_dim_accounts_account_id.cc26245841"} */
select
      count(*) as failures,
      count(*) != 0 as should_warn,
      count(*) != 0 as should_error
    from (
      
    
    



select account_id
from "neondb"."public"."dim_accounts"
where account_id is null



      
    ) dbt_internal_test
[0m22:25:15.432152 [debug] [Thread-2 (]: SQL status: BEGIN in 0.0 seconds
[0m22:25:15.432780 [debug] [Thread-2 (]: Using postgres connection "test.fintech_data.not_null_dim_customers_customer_id.dd91cd1c8d"
[0m22:25:15.433382 [debug] [Thread-2 (]: On test.fintech_data.not_null_dim_customers_customer_id.dd91cd1c8d: /* {"app": "dbt", "dbt_version": "1.7.13", "profile_name": "fintech_dbt", "target_name": "dev", "node_id": "test.fintech_data.not_null_dim_customers_customer_id.dd91cd1c8d"} */
select
      count(*) as failures,
      count(*) != 0 as should_warn,
      count(*) != 0 as should_error
    from (
      
    
    



select customer_id
from "neondb"."public"."dim_customers"
where customer_id is null



      
    ) dbt_internal_test
[0m22:25:15.436041 [debug] [Thread-3 (]: SQL status: BEGIN in 0.0 seconds
[0m22:25:15.436701 [debug] [Thread-3 (]: Using postgres connection "test.fintech_data.not_null_fct_transactions_account_id.0e3be7b37b"
[0m22:25:15.437347 [debug] [Thread-2 (]: SQL status: SELECT 1 in 0.0 seconds
[0m22:25:15.438023 [debug] [Thread-1 (]: SQL status: SELECT 1 in 0.0 seconds
[0m22:25:15.438578 [debug] [Thread-3 (]: On test.fintech_data.not_null_fct_transactions_account_id.0e3be7b37b: /* {"app": "dbt", "dbt_version": "1.7.13", "profile_name": "fintech_dbt", "target_name": "dev", "node_id": "test.fintech_data.not_null_fct_transactions_account_id.0e3be7b37b"} */
select
      count(*) as failures,
      count(*) != 0 as should_warn,
      count(*) != 0 as should_error
    from (
      
    
    



select account_id
from "neondb"."public"."fct_transactions"
where account_id is null



      
    ) dbt_internal_test
[0m22:25:15.441175 [debug] [Thread-2 (]: Timing info for test.fintech_data.not_null_dim_customers_customer_id.dd91cd1c8d (execute): 22:25:15.315174 => 22:25:15.440645
[0m22:25:15.441788 [debug] [Thread-4 (]: SQL status: BEGIN in 0.0 seconds
[0m22:25:15.444075 [debug] [Thread-1 (]: Timing info for test.fintech_data.not_null_dim_accounts_account_id.cc26245841 (execute): 22:25:15.287941 => 22:25:15.443620
[0m22:25:15.445311 [debug] [Thread-2 (]: On test.fintech_data.not_null_dim_customers_customer_id.dd91cd1c8d: ROLLBACK
[0m22:25:15.446121 [debug] [Thread-4 (]: Using postgres connection "test.fintech_data.not_null_fct_transactions_amount.1d3624d981"
[0m22:25:15.446778 [debug] [Thread-1 (]: On test.fintech_data.not_null_dim_accounts_account_id.cc26245841: ROLLBACK
[0m22:25:15.447534 [debug] [Thread-4 (]: On test.fintech_data.not_null_fct_transactions_amount.1d3624d981: /* {"app": "dbt", "dbt_version": "1.7.13", "profile_name": "fintech_dbt", "target_name": "dev", "node_id": "test.fintech_data.not_null_fct_transactions_amount.1d3624d981"} */
select
      count(*) as failures,
      count(*) != 0 as should_warn,
      count(*) != 0 as should_error
    from (
      
    
    



select amount
from "neondb"."public"."fct_transactions"
where amount is null



      
    ) dbt_internal_test
[0m22:25:15.448364 [debug] [Thread-3 (]: SQL status: SELECT 1 in 0.0 seconds
[0m22:25:15.449989 [debug] [Thread-3 (]: Timing info for test.fintech_data.not_null_fct_transactions_account_id.0e3be7b37b (execute): 22:25:15.397546 => 22:25:15.449702
[0m22:25:15.450702 [debug] [Thread-2 (]: On test.fintech_data.not_null_dim_customers_customer_id.dd91cd1c8d: Close
[0m22:25:15.451288 [debug] [Thread-3 (]: On test.fintech_data.not_null_fct_transactions_account_id.0e3be7b37b: ROLLBACK
[0m22:25:15.451844 [debug] [Thread-1 (]: On test.fintech_data.not_null_dim_accounts_account_id.cc26245841: Close
[0m22:25:15.453515 [debug] [Thread-4 (]: SQL status: SELECT 1 in 0.0 seconds
[0m22:25:15.452985 [info ] [Thread-2 (]: 2 of 9 PASS not_null_dim_customers_customer_id ................................. [[32mPASS[0m in 0.20s]
[0m22:25:15.454974 [info ] [Thread-1 (]: 1 of 9 PASS not_null_dim_accounts_account_id ................................... [[32mPASS[0m in 0.21s]
[0m22:25:15.456791 [debug] [Thread-4 (]: Timing info for test.fintech_data.not_null_fct_transactions_amount.1d3624d981 (execute): 22:25:15.311415 => 22:25:15.456492
[0m22:25:15.457412 [debug] [Thread-3 (]: On test.fintech_data.not_null_fct_transactions_account_id.0e3be7b37b: Close
[0m22:25:15.458192 [debug] [Thread-2 (]: Finished running node test.fintech_data.not_null_dim_customers_customer_id.dd91cd1c8d
[0m22:25:15.459122 [debug] [Thread-1 (]: Finished running node test.fintech_data.not_null_dim_accounts_account_id.cc26245841
[0m22:25:15.459868 [debug] [Thread-4 (]: On test.fintech_data.not_null_fct_transactions_amount.1d3624d981: ROLLBACK
[0m22:25:15.461864 [info ] [Thread-3 (]: 3 of 9 PASS not_null_fct_transactions_account_id ............................... [[32mPASS[0m in 0.19s]
[0m22:25:15.462696 [debug] [Thread-2 (]: Began running node test.fintech_data.not_null_fct_transactions_transaction_id.2c6b5372aa
[0m22:25:15.463519 [debug] [Thread-1 (]: Began running node test.fintech_data.relationships_fct_transactions_account_id__account_id__ref_dim_accounts_.1f1a6d0292
[0m22:25:15.464475 [debug] [Thread-3 (]: Finished running node test.fintech_data.not_null_fct_transactions_account_id.0e3be7b37b
[0m22:25:15.465100 [info ] [Thread-2 (]: 5 of 9 START test not_null_fct_transactions_transaction_id ..................... [RUN]
[0m22:25:15.465696 [info ] [Thread-1 (]: 6 of 9 START test relationships_fct_transactions_account_id__account_id__ref_dim_accounts_  [RUN]
[0m22:25:15.469907 [debug] [Thread-1 (]: Re-using an available connection from the pool (formerly test.fintech_data.not_null_dim_accounts_account_id.cc26245841, now test.fintech_data.relationships_fct_transactions_account_id__account_id__ref_dim_accounts_.1f1a6d0292)
[0m22:25:15.467517 [debug] [Thread-4 (]: On test.fintech_data.not_null_fct_transactions_amount.1d3624d981: Close
[0m22:25:15.468362 [debug] [Thread-2 (]: Re-using an available connection from the pool (formerly test.fintech_data.not_null_dim_customers_customer_id.dd91cd1c8d, now test.fintech_data.not_null_fct_transactions_transaction_id.2c6b5372aa)
[0m22:25:15.466706 [debug] [Thread-3 (]: Began running node test.fintech_data.unique_dim_accounts_account_id.bfd6344edc
[0m22:25:15.470752 [debug] [Thread-1 (]: Began compiling node test.fintech_data.relationships_fct_transactions_account_id__account_id__ref_dim_accounts_.1f1a6d0292
[0m22:25:15.471851 [info ] [Thread-4 (]: 4 of 9 PASS not_null_fct_transactions_amount ................................... [[32mPASS[0m in 0.20s]
[0m22:25:15.472536 [debug] [Thread-2 (]: Began compiling node test.fintech_data.not_null_fct_transactions_transaction_id.2c6b5372aa
[0m22:25:15.473150 [info ] [Thread-3 (]: 7 of 9 START test unique_dim_accounts_account_id ............................... [RUN]
[0m22:25:15.480067 [debug] [Thread-1 (]: Writing injected SQL for node "test.fintech_data.relationships_fct_transactions_account_id__account_id__ref_dim_accounts_.1f1a6d0292"
[0m22:25:15.487063 [debug] [Thread-3 (]: Re-using an available connection from the pool (formerly test.fintech_data.not_null_fct_transactions_account_id.0e3be7b37b, now test.fintech_data.unique_dim_accounts_account_id.bfd6344edc)
[0m22:25:15.485598 [debug] [Thread-2 (]: Writing injected SQL for node "test.fintech_data.not_null_fct_transactions_transaction_id.2c6b5372aa"
[0m22:25:15.490023 [debug] [Thread-2 (]: Timing info for test.fintech_data.not_null_fct_transactions_transaction_id.2c6b5372aa (compile): 22:25:15.481489 => 22:25:15.489553
[0m22:25:15.481058 [debug] [Thread-4 (]: Finished running node test.fintech_data.not_null_fct_transactions_amount.1d3624d981
[0m22:25:15.488941 [debug] [Thread-3 (]: Began compiling node test.fintech_data.unique_dim_accounts_account_id.bfd6344edc
[0m22:25:15.488295 [debug] [Thread-1 (]: Timing info for test.fintech_data.relationships_fct_transactions_account_id__account_id__ref_dim_accounts_.1f1a6d0292 (compile): 22:25:15.473726 => 22:25:15.487820
[0m22:25:15.490996 [debug] [Thread-2 (]: Began executing node test.fintech_data.not_null_fct_transactions_transaction_id.2c6b5372aa
[0m22:25:15.491808 [debug] [Thread-4 (]: Began running node test.fintech_data.unique_dim_customers_customer_id.15c9f1e2fd
[0m22:25:15.498676 [debug] [Thread-3 (]: Writing injected SQL for node "test.fintech_data.unique_dim_accounts_account_id.bfd6344edc"
[0m22:25:15.499347 [debug] [Thread-1 (]: Began executing node test.fintech_data.relationships_fct_transactions_account_id__account_id__ref_dim_accounts_.1f1a6d0292
[0m22:25:15.501888 [debug] [Thread-2 (]: Writing runtime sql for node "test.fintech_data.not_null_fct_transactions_transaction_id.2c6b5372aa"
[0m22:25:15.502551 [info ] [Thread-4 (]: 8 of 9 START test unique_dim_customers_customer_id ............................. [RUN]
[0m22:25:15.512397 [debug] [Thread-4 (]: Re-using an available connection from the pool (formerly test.fintech_data.not_null_fct_transactions_amount.1d3624d981, now test.fintech_data.unique_dim_customers_customer_id.15c9f1e2fd)
[0m22:25:15.511011 [debug] [Thread-2 (]: Using postgres connection "test.fintech_data.not_null_fct_transactions_transaction_id.2c6b5372aa"
[0m22:25:15.506361 [debug] [Thread-1 (]: Writing runtime sql for node "test.fintech_data.relationships_fct_transactions_account_id__account_id__ref_dim_accounts_.1f1a6d0292"
[0m22:25:15.507875 [debug] [Thread-3 (]: Timing info for test.fintech_data.unique_dim_accounts_account_id.bfd6344edc (compile): 22:25:15.492314 => 22:25:15.507433
[0m22:25:15.517098 [debug] [Thread-3 (]: Began executing node test.fintech_data.unique_dim_accounts_account_id.bfd6344edc
[0m22:25:15.513542 [debug] [Thread-4 (]: Began compiling node test.fintech_data.unique_dim_customers_customer_id.15c9f1e2fd
[0m22:25:15.514691 [debug] [Thread-2 (]: On test.fintech_data.not_null_fct_transactions_transaction_id.2c6b5372aa: BEGIN
[0m22:25:15.530068 [debug] [Thread-2 (]: Opening a new connection, currently in state closed
[0m22:25:15.515978 [debug] [Thread-1 (]: Using postgres connection "test.fintech_data.relationships_fct_transactions_account_id__account_id__ref_dim_accounts_.1f1a6d0292"
[0m22:25:15.531611 [debug] [Thread-1 (]: On test.fintech_data.relationships_fct_transactions_account_id__account_id__ref_dim_accounts_.1f1a6d0292: BEGIN
[0m22:25:15.522041 [debug] [Thread-3 (]: Writing runtime sql for node "test.fintech_data.unique_dim_accounts_account_id.bfd6344edc"
[0m22:25:15.534850 [debug] [Thread-3 (]: Using postgres connection "test.fintech_data.unique_dim_accounts_account_id.bfd6344edc"
[0m22:25:15.535948 [debug] [Thread-4 (]: Writing injected SQL for node "test.fintech_data.unique_dim_customers_customer_id.15c9f1e2fd"
[0m22:25:15.533421 [debug] [Thread-1 (]: Opening a new connection, currently in state closed
[0m22:25:15.537322 [debug] [Thread-3 (]: On test.fintech_data.unique_dim_accounts_account_id.bfd6344edc: BEGIN
[0m22:25:15.542153 [debug] [Thread-3 (]: Opening a new connection, currently in state closed
[0m22:25:15.539677 [debug] [Thread-4 (]: Timing info for test.fintech_data.unique_dim_customers_customer_id.15c9f1e2fd (compile): 22:25:15.522713 => 22:25:15.538960
[0m22:25:15.544020 [debug] [Thread-4 (]: Began executing node test.fintech_data.unique_dim_customers_customer_id.15c9f1e2fd
[0m22:25:15.552772 [debug] [Thread-4 (]: Writing runtime sql for node "test.fintech_data.unique_dim_customers_customer_id.15c9f1e2fd"
[0m22:25:15.554731 [debug] [Thread-4 (]: Using postgres connection "test.fintech_data.unique_dim_customers_customer_id.15c9f1e2fd"
[0m22:25:15.556319 [debug] [Thread-4 (]: On test.fintech_data.unique_dim_customers_customer_id.15c9f1e2fd: BEGIN
[0m22:25:15.559967 [debug] [Thread-4 (]: Opening a new connection, currently in state closed
[0m22:25:15.562635 [debug] [Thread-2 (]: SQL status: BEGIN in 0.0 seconds
[0m22:25:15.563935 [debug] [Thread-2 (]: Using postgres connection "test.fintech_data.not_null_fct_transactions_transaction_id.2c6b5372aa"
[0m22:25:15.566361 [debug] [Thread-2 (]: On test.fintech_data.not_null_fct_transactions_transaction_id.2c6b5372aa: /* {"app": "dbt", "dbt_version": "1.7.13", "profile_name": "fintech_dbt", "target_name": "dev", "node_id": "test.fintech_data.not_null_fct_transactions_transaction_id.2c6b5372aa"} */
select
      count(*) as failures,
      count(*) != 0 as should_warn,
      count(*) != 0 as should_error
    from (
      
    
    



select transaction_id
from "neondb"."public"."fct_transactions"
where transaction_id is null



      
    ) dbt_internal_test
[0m22:25:15.569708 [debug] [Thread-2 (]: SQL status: SELECT 1 in 0.0 seconds
[0m22:25:15.571503 [debug] [Thread-2 (]: Timing info for test.fintech_data.not_null_fct_transactions_transaction_id.2c6b5372aa (execute): 22:25:15.499762 => 22:25:15.571178
[0m22:25:15.572246 [debug] [Thread-2 (]: On test.fintech_data.not_null_fct_transactions_transaction_id.2c6b5372aa: ROLLBACK
[0m22:25:15.573502 [debug] [Thread-1 (]: SQL status: BEGIN in 0.0 seconds
[0m22:25:15.574241 [debug] [Thread-1 (]: Using postgres connection "test.fintech_data.relationships_fct_transactions_account_id__account_id__ref_dim_accounts_.1f1a6d0292"
[0m22:25:15.574955 [debug] [Thread-1 (]: On test.fintech_data.relationships_fct_transactions_account_id__account_id__ref_dim_accounts_.1f1a6d0292: /* {"app": "dbt", "dbt_version": "1.7.13", "profile_name": "fintech_dbt", "target_name": "dev", "node_id": "test.fintech_data.relationships_fct_transactions_account_id__account_id__ref_dim_accounts_.1f1a6d0292"} */
select
      count(*) as failures,
      count(*) != 0 as should_warn,
      count(*) != 0 as should_error
    from (
      
    
    

with child as (
    select account_id as from_field
    from "neondb"."public"."fct_transactions"
    where account_id is not null
),

parent as (
    select account_id as to_field
    from "neondb"."public"."dim_accounts"
)

select
    from_field

from child
left join parent
    on child.from_field = parent.to_field

where parent.to_field is null



      
    ) dbt_internal_test
[0m22:25:15.575640 [debug] [Thread-2 (]: On test.fintech_data.not_null_fct_transactions_transaction_id.2c6b5372aa: Close
[0m22:25:15.576737 [info ] [Thread-2 (]: 5 of 9 PASS not_null_fct_transactions_transaction_id ........................... [[32mPASS[0m in 0.11s]
[0m22:25:15.577814 [debug] [Thread-2 (]: Finished running node test.fintech_data.not_null_fct_transactions_transaction_id.2c6b5372aa
[0m22:25:15.578680 [debug] [Thread-2 (]: Began running node test.fintech_data.unique_fct_transactions_transaction_id.c963611c53
[0m22:25:15.580246 [debug] [Thread-3 (]: SQL status: BEGIN in 0.0 seconds
[0m22:25:15.581655 [debug] [Thread-3 (]: Using postgres connection "test.fintech_data.unique_dim_accounts_account_id.bfd6344edc"
[0m22:25:15.581057 [debug] [Thread-1 (]: SQL status: SELECT 1 in 0.0 seconds
[0m22:25:15.579741 [info ] [Thread-2 (]: 9 of 9 START test unique_fct_transactions_transaction_id ....................... [RUN]
[0m22:25:15.582311 [debug] [Thread-3 (]: On test.fintech_data.unique_dim_accounts_account_id.bfd6344edc: /* {"app": "dbt", "dbt_version": "1.7.13", "profile_name": "fintech_dbt", "target_name": "dev", "node_id": "test.fintech_data.unique_dim_accounts_account_id.bfd6344edc"} */
select
      count(*) as failures,
      count(*) != 0 as should_warn,
      count(*) != 0 as should_error
    from (
      
    
    

select
    account_id as unique_field,
    count(*) as n_records

from "neondb"."public"."dim_accounts"
where account_id is not null
group by account_id
having count(*) > 1



      
    ) dbt_internal_test
[0m22:25:15.583944 [debug] [Thread-1 (]: Timing info for test.fintech_data.relationships_fct_transactions_account_id__account_id__ref_dim_accounts_.1f1a6d0292 (execute): 22:25:15.503272 => 22:25:15.583652
[0m22:25:15.586501 [debug] [Thread-1 (]: On test.fintech_data.relationships_fct_transactions_account_id__account_id__ref_dim_accounts_.1f1a6d0292: ROLLBACK
[0m22:25:15.585197 [debug] [Thread-2 (]: Re-using an available connection from the pool (formerly test.fintech_data.not_null_fct_transactions_transaction_id.2c6b5372aa, now test.fintech_data.unique_fct_transactions_transaction_id.c963611c53)
[0m22:25:15.587598 [debug] [Thread-2 (]: Began compiling node test.fintech_data.unique_fct_transactions_transaction_id.c963611c53
[0m22:25:15.592241 [debug] [Thread-2 (]: Writing injected SQL for node "test.fintech_data.unique_fct_transactions_transaction_id.c963611c53"
[0m22:25:15.592811 [debug] [Thread-1 (]: On test.fintech_data.relationships_fct_transactions_account_id__account_id__ref_dim_accounts_.1f1a6d0292: Close
[0m22:25:15.593479 [debug] [Thread-3 (]: SQL status: SELECT 1 in 0.0 seconds
[0m22:25:15.594156 [debug] [Thread-4 (]: SQL status: BEGIN in 0.0 seconds
[0m22:25:15.594984 [debug] [Thread-2 (]: Timing info for test.fintech_data.unique_fct_transactions_transaction_id.c963611c53 (compile): 22:25:15.588018 => 22:25:15.594653
[0m22:25:15.595888 [info ] [Thread-1 (]: 6 of 9 PASS relationships_fct_transactions_account_id__account_id__ref_dim_accounts_  [[32mPASS[0m in 0.13s]
[0m22:25:15.597755 [debug] [Thread-3 (]: Timing info for test.fintech_data.unique_dim_accounts_account_id.bfd6344edc (execute): 22:25:15.517739 => 22:25:15.597469
[0m22:25:15.598392 [debug] [Thread-4 (]: Using postgres connection "test.fintech_data.unique_dim_customers_customer_id.15c9f1e2fd"
[0m22:25:15.598999 [debug] [Thread-2 (]: Began executing node test.fintech_data.unique_fct_transactions_transaction_id.c963611c53
[0m22:25:15.599801 [debug] [Thread-1 (]: Finished running node test.fintech_data.relationships_fct_transactions_account_id__account_id__ref_dim_accounts_.1f1a6d0292
[0m22:25:15.600443 [debug] [Thread-3 (]: On test.fintech_data.unique_dim_accounts_account_id.bfd6344edc: ROLLBACK
[0m22:25:15.601070 [debug] [Thread-4 (]: On test.fintech_data.unique_dim_customers_customer_id.15c9f1e2fd: /* {"app": "dbt", "dbt_version": "1.7.13", "profile_name": "fintech_dbt", "target_name": "dev", "node_id": "test.fintech_data.unique_dim_customers_customer_id.15c9f1e2fd"} */
select
      count(*) as failures,
      count(*) != 0 as should_warn,
      count(*) != 0 as should_error
    from (
      
    
    

select
    customer_id as unique_field,
    count(*) as n_records

from "neondb"."public"."dim_customers"
where customer_id is not null
group by customer_id
having count(*) > 1



      
    ) dbt_internal_test
[0m22:25:15.605399 [debug] [Thread-2 (]: Writing runtime sql for node "test.fintech_data.unique_fct_transactions_transaction_id.c963611c53"
[0m22:25:15.606759 [debug] [Thread-2 (]: Using postgres connection "test.fintech_data.unique_fct_transactions_transaction_id.c963611c53"
[0m22:25:15.607681 [debug] [Thread-2 (]: On test.fintech_data.unique_fct_transactions_transaction_id.c963611c53: BEGIN
[0m22:25:15.608632 [debug] [Thread-2 (]: Opening a new connection, currently in state closed
[0m22:25:15.609404 [debug] [Thread-3 (]: On test.fintech_data.unique_dim_accounts_account_id.bfd6344edc: Close
[0m22:25:15.610057 [debug] [Thread-4 (]: SQL status: SELECT 1 in 0.0 seconds
[0m22:25:15.611571 [info ] [Thread-3 (]: 7 of 9 PASS unique_dim_accounts_account_id ..................................... [[32mPASS[0m in 0.12s]
[0m22:25:15.613635 [debug] [Thread-4 (]: Timing info for test.fintech_data.unique_dim_customers_customer_id.15c9f1e2fd (execute): 22:25:15.545196 => 22:25:15.613347
[0m22:25:15.614435 [debug] [Thread-3 (]: Finished running node test.fintech_data.unique_dim_accounts_account_id.bfd6344edc
[0m22:25:15.615119 [debug] [Thread-4 (]: On test.fintech_data.unique_dim_customers_customer_id.15c9f1e2fd: ROLLBACK
[0m22:25:15.618726 [debug] [Thread-4 (]: On test.fintech_data.unique_dim_customers_customer_id.15c9f1e2fd: Close
[0m22:25:15.621030 [info ] [Thread-4 (]: 8 of 9 PASS unique_dim_customers_customer_id ................................... [[32mPASS[0m in 0.11s]
[0m22:25:15.622144 [debug] [Thread-4 (]: Finished running node test.fintech_data.unique_dim_customers_customer_id.15c9f1e2fd
[0m22:25:15.636053 [debug] [Thread-2 (]: SQL status: BEGIN in 0.0 seconds
[0m22:25:15.636711 [debug] [Thread-2 (]: Using postgres connection "test.fintech_data.unique_fct_transactions_transaction_id.c963611c53"
[0m22:25:15.637328 [debug] [Thread-2 (]: On test.fintech_data.unique_fct_transactions_transaction_id.c963611c53: /* {"app": "dbt", "dbt_version": "1.7.13", "profile_name": "fintech_dbt", "target_name": "dev", "node_id": "test.fintech_data.unique_fct_transactions_transaction_id.c963611c53"} */
select
      count(*) as failures,
      count(*) != 0 as should_warn,
      count(*) != 0 as should_error
    from (
      
    
    

select
    transaction_id as unique_field,
    count(*) as n_records

from "neondb"."public"."fct_transactions"
where transaction_id is not null
group by transaction_id
having count(*) > 1



      
    ) dbt_internal_test
[0m22:25:15.644879 [debug] [Thread-2 (]: SQL status: SELECT 1 in 0.0 seconds
[0m22:25:15.646710 [debug] [Thread-2 (]: Timing info for test.fintech_data.unique_fct_transactions_transaction_id.c963611c53 (execute): 22:25:15.601630 => 22:25:15.646422
[0m22:25:15.647311 [debug] [Thread-2 (]: On test.fintech_data.unique_fct_transactions_transaction_id.c963611c53: ROLLBACK
[0m22:25:15.650503 [debug] [Thread-2 (]: On test.fintech_data.unique_fct_transactions_transaction_id.c963611c53: Close
[0m22:25:15.651619 [info ] [Thread-2 (]: 9 of 9 PASS unique_fct_transactions_transaction_id ............................. [[32mPASS[0m in 0.07s]
[0m22:25:15.652518 [debug] [Thread-2 (]: Finished running node test.fintech_data.unique_fct_transactions_transaction_id.c963611c53
[0m22:25:15.655142 [debug] [MainThread]: Using postgres connection "master"
[0m22:25:15.655718 [debug] [MainThread]: On master: BEGIN
[0m22:25:15.656630 [debug] [MainThread]: Opening a new connection, currently in state closed
[0m22:25:15.689519 [debug] [MainThread]: SQL status: BEGIN in 0.0 seconds
[0m22:25:15.690186 [debug] [MainThread]: On master: COMMIT
[0m22:25:15.690752 [debug] [MainThread]: Using postgres connection "master"
[0m22:25:15.691291 [debug] [MainThread]: On master: COMMIT
[0m22:25:15.695349 [debug] [MainThread]: SQL status: COMMIT in 0.0 seconds
[0m22:25:15.696032 [debug] [MainThread]: On master: Close
[0m22:25:15.696911 [debug] [MainThread]: Connection 'master' was properly closed.
[0m22:25:15.697434 [debug] [MainThread]: Connection 'test.fintech_data.relationships_fct_transactions_account_id__account_id__ref_dim_accounts_.1f1a6d0292' was properly closed.
[0m22:25:15.697944 [debug] [MainThread]: Connection 'test.fintech_data.unique_fct_transactions_transaction_id.c963611c53' was properly closed.
[0m22:25:15.698457 [debug] [MainThread]: Connection 'test.fintech_data.unique_dim_accounts_account_id.bfd6344edc' was properly closed.
[0m22:25:15.699007 [debug] [MainThread]: Connection 'test.fintech_data.unique_dim_customers_customer_id.15c9f1e2fd' was properly closed.
[0m22:25:15.699579 [info ] [MainThread]: 
[0m22:25:15.700213 [info ] [MainThread]: Finished running 9 tests in 0 hours 0 minutes and 0.56 seconds (0.56s).
[0m22:25:15.703073 [debug] [MainThread]: Command end result
[0m22:25:15.719792 [info ] [MainThread]: 
[0m22:25:15.722757 [info ] [MainThread]: [32mCompleted successfully[0m
[0m22:25:15.723652 [info ] [MainThread]: 
[0m22:25:15.724560 [info ] [MainThread]: Done. PASS=9 WARN=0 ERROR=0 SKIP=0 TOTAL=9
[0m22:25:15.727580 [debug] [MainThread]: Resource report: {"command_name": "test", "command_success": true, "command_wall_clock_time": 1.3469656, "process_user_time": 4.488874, "process_kernel_time": 0.259352, "process_mem_max_rss": "138816", "process_out_blocks": "2720", "process_in_blocks": "0"}
[0m22:25:15.728595 [debug] [MainThread]: Command `dbt test` succeeded at 22:25:15.728300 after 1.35 seconds
[0m22:25:15.729498 [debug] [MainThread]: Sending event: {'category': 'dbt', 'action': 'invocation', 'label': 'end', 'context': [<snowplow_tracker.self_describing_json.SelfDescribingJson object at 0x76fdc5ebc5f0>, <snowplow_tracker.self_describing_json.SelfDescribingJson object at 0x76fdc5d0de80>, <snowplow_tracker.self_describing_json.SelfDescribingJson object at 0x76fdc60435c0>]}
[0m22:25:15.730389 [debug] [MainThread]: Flushing usage events
[0m22:31:53.371976 [debug] [MainThread]: Sending event: {'category': 'dbt', 'action': 'invocation', 'label': 'start', 'context': [<snowplow_tracker.self_describing_json.SelfDescribingJson object at 0x7558d546ce90>, <snowplow_tracker.self_describing_json.SelfDescribingJson object at 0x7558d56cfdd0>, <snowplow_tracker.self_describing_json.SelfDescribingJson object at 0x7558d56ce600>]}


============================== 22:31:53.382925 | 57c83422-a98d-435e-a743-4e1ce7c59e0e ==============================
[0m22:31:53.382925 [info ] [MainThread]: Running with dbt=1.7.13
[0m22:31:53.386901 [debug] [MainThread]: running dbt with arguments {'printer_width': '80', 'indirect_selection': 'eager', 'log_cache_events': 'False', 'write_json': 'True', 'partial_parse': 'True', 'cache_selected_only': 'False', 'warn_error': 'None', 'fail_fast': 'False', 'profiles_dir': '/home/codespace/.dbt', 'log_path': '/workspaces/EAS550_FintechData/logs', 'version_check': 'True', 'debug': 'False', 'use_colors': 'True', 'use_experimental_parser': 'False', 'no_print': 'None', 'quiet': 'False', 'log_format': 'default', 'invocation_command': 'dbt docs generate', 'warn_error_options': 'WarnErrorOptions(include=[], exclude=[])', 'introspect': 'True', 'target_path': 'None', 'static_parser': 'True', 'send_anonymous_usage_stats': 'True'}
[0m22:31:53.649642 [debug] [MainThread]: Sending event: {'category': 'dbt', 'action': 'project_id', 'label': '57c83422-a98d-435e-a743-4e1ce7c59e0e', 'context': [<snowplow_tracker.self_describing_json.SelfDescribingJson object at 0x7558d554c8c0>]}
[0m22:31:53.775739 [debug] [MainThread]: Sending event: {'category': 'dbt', 'action': 'adapter_info', 'label': '57c83422-a98d-435e-a743-4e1ce7c59e0e', 'context': [<snowplow_tracker.self_describing_json.SelfDescribingJson object at 0x7558d4bfc8f0>]}
[0m22:31:53.776646 [info ] [MainThread]: Registered adapter: postgres=1.7.13
[0m22:31:53.787102 [debug] [MainThread]: checksum: 6c24e2ee36a42cedd7e5de2827d214776eb7a8e8f425f6d8acb06c31add0afef, vars: {}, profile: , target: , version: 1.7.13
[0m22:31:53.813252 [debug] [MainThread]: Partial parsing enabled: 0 files deleted, 0 files added, 0 files changed.
[0m22:31:53.813799 [debug] [MainThread]: Partial parsing enabled, no changes found, skipping parsing
[0m22:31:53.819759 [debug] [MainThread]: Sending event: {'category': 'dbt', 'action': 'load_project', 'label': '57c83422-a98d-435e-a743-4e1ce7c59e0e', 'context': [<snowplow_tracker.self_describing_json.SelfDescribingJson object at 0x7558d5719610>]}
[0m22:31:53.822593 [debug] [MainThread]: Sending event: {'category': 'dbt', 'action': 'resource_counts', 'label': '57c83422-a98d-435e-a743-4e1ce7c59e0e', 'context': [<snowplow_tracker.self_describing_json.SelfDescribingJson object at 0x7558d436f4d0>]}
[0m22:31:53.823200 [info ] [MainThread]: Found 6 models, 9 tests, 3 sources, 0 exposures, 0 metrics, 401 macros, 0 groups, 0 semantic models
[0m22:31:53.823966 [debug] [MainThread]: Sending event: {'category': 'dbt', 'action': 'runnable_timing', 'label': '57c83422-a98d-435e-a743-4e1ce7c59e0e', 'context': [<snowplow_tracker.self_describing_json.SelfDescribingJson object at 0x7558d436e870>]}
[0m22:31:53.827419 [info ] [MainThread]: 
[0m22:31:53.828946 [debug] [MainThread]: Acquiring new postgres connection 'master'
[0m22:31:53.831937 [debug] [ThreadPool]: Acquiring new postgres connection 'list_neondb_public'
[0m22:31:53.847906 [debug] [ThreadPool]: Using postgres connection "list_neondb_public"
[0m22:31:53.848469 [debug] [ThreadPool]: On list_neondb_public: BEGIN
[0m22:31:53.848995 [debug] [ThreadPool]: Opening a new connection, currently in state init
[0m22:31:54.495287 [debug] [ThreadPool]: SQL status: BEGIN in 1.0 seconds
[0m22:31:54.496128 [debug] [ThreadPool]: Using postgres connection "list_neondb_public"
[0m22:31:54.496958 [debug] [ThreadPool]: On list_neondb_public: /* {"app": "dbt", "dbt_version": "1.7.13", "profile_name": "fintech_dbt", "target_name": "dev", "connection_name": "list_neondb_public"} */
select
      'neondb' as database,
      tablename as name,
      schemaname as schema,
      'table' as type
    from pg_tables
    where schemaname ilike 'public'
    union all
    select
      'neondb' as database,
      viewname as name,
      schemaname as schema,
      'view' as type
    from pg_views
    where schemaname ilike 'public'
    union all
    select
      'neondb' as database,
      matviewname as name,
      schemaname as schema,
      'materialized_view' as type
    from pg_matviews
    where schemaname ilike 'public'
  
[0m22:31:54.580019 [debug] [ThreadPool]: SQL status: SELECT 10 in 0.0 seconds
[0m22:31:54.581939 [debug] [ThreadPool]: On list_neondb_public: ROLLBACK
[0m22:31:54.584715 [debug] [ThreadPool]: On list_neondb_public: Close
[0m22:31:54.591718 [debug] [MainThread]: Using postgres connection "master"
[0m22:31:54.592250 [debug] [MainThread]: On master: BEGIN
[0m22:31:54.592945 [debug] [MainThread]: Opening a new connection, currently in state init
[0m22:31:54.614588 [debug] [MainThread]: SQL status: BEGIN in 0.0 seconds
[0m22:31:54.615342 [debug] [MainThread]: Using postgres connection "master"
[0m22:31:54.615964 [debug] [MainThread]: On master: /* {"app": "dbt", "dbt_version": "1.7.13", "profile_name": "fintech_dbt", "target_name": "dev", "connection_name": "master"} */
with relation as (
        select
            pg_rewrite.ev_class as class,
            pg_rewrite.oid as id
        from pg_rewrite
    ),
    class as (
        select
            oid as id,
            relname as name,
            relnamespace as schema,
            relkind as kind
        from pg_class
    ),
    dependency as (
        select distinct
            pg_depend.objid as id,
            pg_depend.refobjid as ref
        from pg_depend
    ),
    schema as (
        select
            pg_namespace.oid as id,
            pg_namespace.nspname as name
        from pg_namespace
        where nspname != 'information_schema' and nspname not like 'pg\_%'
    ),
    referenced as (
        select
            relation.id AS id,
            referenced_class.name ,
            referenced_class.schema ,
            referenced_class.kind
        from relation
        join class as referenced_class on relation.class=referenced_class.id
        where referenced_class.kind in ('r', 'v', 'm')
    ),
    relationships as (
        select
            referenced.name as referenced_name,
            referenced.schema as referenced_schema_id,
            dependent_class.name as dependent_name,
            dependent_class.schema as dependent_schema_id,
            referenced.kind as kind
        from referenced
        join dependency on referenced.id=dependency.id
        join class as dependent_class on dependency.ref=dependent_class.id
        where
            (referenced.name != dependent_class.name or
             referenced.schema != dependent_class.schema)
    )

    select
        referenced_schema.name as referenced_schema,
        relationships.referenced_name as referenced_name,
        dependent_schema.name as dependent_schema,
        relationships.dependent_name as dependent_name
    from relationships
    join schema as dependent_schema on relationships.dependent_schema_id=dependent_schema.id
    join schema as referenced_schema on relationships.referenced_schema_id=referenced_schema.id
    group by referenced_schema, referenced_name, dependent_schema, dependent_name
    order by referenced_schema, referenced_name, dependent_schema, dependent_name;
[0m22:31:54.643390 [debug] [MainThread]: SQL status: SELECT 3 in 0.0 seconds
[0m22:31:54.645581 [debug] [MainThread]: Sending event: {'category': 'dbt', 'action': 'runnable_timing', 'label': '57c83422-a98d-435e-a743-4e1ce7c59e0e', 'context': [<snowplow_tracker.self_describing_json.SelfDescribingJson object at 0x7558d54dc320>]}
[0m22:31:54.646486 [debug] [MainThread]: On master: ROLLBACK
[0m22:31:54.649618 [debug] [MainThread]: On master: Close
[0m22:31:54.650817 [info ] [MainThread]: Concurrency: 4 threads (target='dev')
[0m22:31:54.651494 [info ] [MainThread]: 
[0m22:31:54.654324 [debug] [Thread-1 (]: Began running node model.fintech_data.stg_accounts
[0m22:31:54.654909 [debug] [Thread-2 (]: Began running node model.fintech_data.stg_customers
[0m22:31:54.655558 [debug] [Thread-3 (]: Began running node model.fintech_data.stg_transactions
[0m22:31:54.656456 [debug] [Thread-1 (]: Re-using an available connection from the pool (formerly list_neondb_public, now model.fintech_data.stg_accounts)
[0m22:31:54.657702 [debug] [Thread-2 (]: Acquiring new postgres connection 'model.fintech_data.stg_customers'
[0m22:31:54.659358 [debug] [Thread-3 (]: Acquiring new postgres connection 'model.fintech_data.stg_transactions'
[0m22:31:54.660002 [debug] [Thread-1 (]: Began compiling node model.fintech_data.stg_accounts
[0m22:31:54.660638 [debug] [Thread-2 (]: Began compiling node model.fintech_data.stg_customers
[0m22:31:54.661234 [debug] [Thread-3 (]: Began compiling node model.fintech_data.stg_transactions
[0m22:31:54.668887 [debug] [Thread-1 (]: Writing injected SQL for node "model.fintech_data.stg_accounts"
[0m22:31:54.671590 [debug] [Thread-2 (]: Writing injected SQL for node "model.fintech_data.stg_customers"
[0m22:31:54.674383 [debug] [Thread-3 (]: Writing injected SQL for node "model.fintech_data.stg_transactions"
[0m22:31:54.675517 [debug] [Thread-1 (]: Timing info for model.fintech_data.stg_accounts (compile): 22:31:54.661666 => 22:31:54.675150
[0m22:31:54.676197 [debug] [Thread-2 (]: Timing info for model.fintech_data.stg_customers (compile): 22:31:54.669332 => 22:31:54.675893
[0m22:31:54.676971 [debug] [Thread-1 (]: Began executing node model.fintech_data.stg_accounts
[0m22:31:54.677705 [debug] [Thread-2 (]: Began executing node model.fintech_data.stg_customers
[0m22:31:54.678473 [debug] [Thread-3 (]: Timing info for model.fintech_data.stg_transactions (compile): 22:31:54.672008 => 22:31:54.678145
[0m22:31:54.679118 [debug] [Thread-1 (]: Timing info for model.fintech_data.stg_accounts (execute): 22:31:54.678840 => 22:31:54.678859
[0m22:31:54.679832 [debug] [Thread-2 (]: Timing info for model.fintech_data.stg_customers (execute): 22:31:54.679535 => 22:31:54.679547
[0m22:31:54.680460 [debug] [Thread-3 (]: Began executing node model.fintech_data.stg_transactions
[0m22:31:54.681591 [debug] [Thread-1 (]: Finished running node model.fintech_data.stg_accounts
[0m22:31:54.682697 [debug] [Thread-2 (]: Finished running node model.fintech_data.stg_customers
[0m22:31:54.683428 [debug] [Thread-3 (]: Timing info for model.fintech_data.stg_transactions (execute): 22:31:54.683096 => 22:31:54.683106
[0m22:31:54.684801 [debug] [Thread-3 (]: Finished running node model.fintech_data.stg_transactions
[0m22:31:54.685606 [debug] [Thread-4 (]: Began running node model.fintech_data.dim_accounts
[0m22:31:54.686161 [debug] [Thread-1 (]: Began running node model.fintech_data.dim_customers
[0m22:31:54.687181 [debug] [Thread-4 (]: Acquiring new postgres connection 'model.fintech_data.dim_accounts'
[0m22:31:54.687758 [debug] [Thread-3 (]: Began running node model.fintech_data.fct_transactions
[0m22:31:54.688641 [debug] [Thread-1 (]: Re-using an available connection from the pool (formerly model.fintech_data.stg_accounts, now model.fintech_data.dim_customers)
[0m22:31:54.689282 [debug] [Thread-4 (]: Began compiling node model.fintech_data.dim_accounts
[0m22:31:54.690148 [debug] [Thread-3 (]: Re-using an available connection from the pool (formerly model.fintech_data.stg_transactions, now model.fintech_data.fct_transactions)
[0m22:31:54.690809 [debug] [Thread-1 (]: Began compiling node model.fintech_data.dim_customers
[0m22:31:54.693720 [debug] [Thread-4 (]: Writing injected SQL for node "model.fintech_data.dim_accounts"
[0m22:31:54.694394 [debug] [Thread-3 (]: Began compiling node model.fintech_data.fct_transactions
[0m22:31:54.697064 [debug] [Thread-1 (]: Writing injected SQL for node "model.fintech_data.dim_customers"
[0m22:31:54.698083 [debug] [Thread-4 (]: Timing info for model.fintech_data.dim_accounts (compile): 22:31:54.691213 => 22:31:54.697759
[0m22:31:54.700944 [debug] [Thread-3 (]: Writing injected SQL for node "model.fintech_data.fct_transactions"
[0m22:31:54.701916 [debug] [Thread-1 (]: Timing info for model.fintech_data.dim_customers (compile): 22:31:54.694795 => 22:31:54.701614
[0m22:31:54.702461 [debug] [Thread-4 (]: Began executing node model.fintech_data.dim_accounts
[0m22:31:54.703230 [debug] [Thread-1 (]: Began executing node model.fintech_data.dim_customers
[0m22:31:54.703928 [debug] [Thread-3 (]: Timing info for model.fintech_data.fct_transactions (compile): 22:31:54.698455 => 22:31:54.703642
[0m22:31:54.704624 [debug] [Thread-4 (]: Timing info for model.fintech_data.dim_accounts (execute): 22:31:54.704326 => 22:31:54.704336
[0m22:31:54.705321 [debug] [Thread-1 (]: Timing info for model.fintech_data.dim_customers (execute): 22:31:54.704999 => 22:31:54.705008
[0m22:31:54.705997 [debug] [Thread-3 (]: Began executing node model.fintech_data.fct_transactions
[0m22:31:54.708486 [debug] [Thread-4 (]: Finished running node model.fintech_data.dim_accounts
[0m22:31:54.710903 [debug] [Thread-1 (]: Finished running node model.fintech_data.dim_customers
[0m22:31:54.712205 [debug] [Thread-3 (]: Timing info for model.fintech_data.fct_transactions (execute): 22:31:54.711602 => 22:31:54.711614
[0m22:31:54.714861 [debug] [Thread-3 (]: Finished running node model.fintech_data.fct_transactions
[0m22:31:54.720637 [debug] [Thread-3 (]: Began running node test.fintech_data.unique_dim_accounts_account_id.bfd6344edc
[0m22:31:54.717632 [debug] [Thread-2 (]: Began running node test.fintech_data.not_null_dim_accounts_account_id.cc26245841
[0m22:31:54.718844 [debug] [Thread-4 (]: Began running node test.fintech_data.not_null_dim_customers_customer_id.dd91cd1c8d
[0m22:31:54.723117 [debug] [Thread-1 (]: Began running node test.fintech_data.unique_dim_customers_customer_id.15c9f1e2fd
[0m22:31:54.725355 [debug] [Thread-3 (]: Re-using an available connection from the pool (formerly model.fintech_data.fct_transactions, now test.fintech_data.unique_dim_accounts_account_id.bfd6344edc)
[0m22:31:54.727003 [debug] [Thread-2 (]: Re-using an available connection from the pool (formerly model.fintech_data.stg_customers, now test.fintech_data.not_null_dim_accounts_account_id.cc26245841)
[0m22:31:54.728401 [debug] [Thread-4 (]: Re-using an available connection from the pool (formerly model.fintech_data.dim_accounts, now test.fintech_data.not_null_dim_customers_customer_id.dd91cd1c8d)
[0m22:31:54.729317 [debug] [Thread-1 (]: Re-using an available connection from the pool (formerly model.fintech_data.dim_customers, now test.fintech_data.unique_dim_customers_customer_id.15c9f1e2fd)
[0m22:31:54.729944 [debug] [Thread-3 (]: Began compiling node test.fintech_data.unique_dim_accounts_account_id.bfd6344edc
[0m22:31:54.730572 [debug] [Thread-2 (]: Began compiling node test.fintech_data.not_null_dim_accounts_account_id.cc26245841
[0m22:31:54.731178 [debug] [Thread-4 (]: Began compiling node test.fintech_data.not_null_dim_customers_customer_id.dd91cd1c8d
[0m22:31:54.731806 [debug] [Thread-1 (]: Began compiling node test.fintech_data.unique_dim_customers_customer_id.15c9f1e2fd
[0m22:31:54.743175 [debug] [Thread-3 (]: Writing injected SQL for node "test.fintech_data.unique_dim_accounts_account_id.bfd6344edc"
[0m22:31:54.754210 [debug] [Thread-2 (]: Writing injected SQL for node "test.fintech_data.not_null_dim_accounts_account_id.cc26245841"
[0m22:31:54.758555 [debug] [Thread-4 (]: Writing injected SQL for node "test.fintech_data.not_null_dim_customers_customer_id.dd91cd1c8d"
[0m22:31:54.762671 [debug] [Thread-1 (]: Writing injected SQL for node "test.fintech_data.unique_dim_customers_customer_id.15c9f1e2fd"
[0m22:31:54.763728 [debug] [Thread-3 (]: Timing info for test.fintech_data.unique_dim_accounts_account_id.bfd6344edc (compile): 22:31:54.732189 => 22:31:54.763422
[0m22:31:54.764538 [debug] [Thread-2 (]: Timing info for test.fintech_data.not_null_dim_accounts_account_id.cc26245841 (compile): 22:31:54.743573 => 22:31:54.764209
[0m22:31:54.765470 [debug] [Thread-4 (]: Timing info for test.fintech_data.not_null_dim_customers_customer_id.dd91cd1c8d (compile): 22:31:54.754615 => 22:31:54.765124
[0m22:31:54.766134 [debug] [Thread-3 (]: Began executing node test.fintech_data.unique_dim_accounts_account_id.bfd6344edc
[0m22:31:54.766893 [debug] [Thread-1 (]: Timing info for test.fintech_data.unique_dim_customers_customer_id.15c9f1e2fd (compile): 22:31:54.758982 => 22:31:54.766608
[0m22:31:54.767628 [debug] [Thread-2 (]: Began executing node test.fintech_data.not_null_dim_accounts_account_id.cc26245841
[0m22:31:54.768226 [debug] [Thread-4 (]: Began executing node test.fintech_data.not_null_dim_customers_customer_id.dd91cd1c8d
[0m22:31:54.768970 [debug] [Thread-3 (]: Timing info for test.fintech_data.unique_dim_accounts_account_id.bfd6344edc (execute): 22:31:54.768661 => 22:31:54.768672
[0m22:31:54.769570 [debug] [Thread-1 (]: Began executing node test.fintech_data.unique_dim_customers_customer_id.15c9f1e2fd
[0m22:31:54.770294 [debug] [Thread-2 (]: Timing info for test.fintech_data.not_null_dim_accounts_account_id.cc26245841 (execute): 22:31:54.769965 => 22:31:54.769975
[0m22:31:54.770984 [debug] [Thread-4 (]: Timing info for test.fintech_data.not_null_dim_customers_customer_id.dd91cd1c8d (execute): 22:31:54.770684 => 22:31:54.770694
[0m22:31:54.772084 [debug] [Thread-3 (]: Finished running node test.fintech_data.unique_dim_accounts_account_id.bfd6344edc
[0m22:31:54.772820 [debug] [Thread-1 (]: Timing info for test.fintech_data.unique_dim_customers_customer_id.15c9f1e2fd (execute): 22:31:54.772517 => 22:31:54.772527
[0m22:31:54.773895 [debug] [Thread-2 (]: Finished running node test.fintech_data.not_null_dim_accounts_account_id.cc26245841
[0m22:31:54.774974 [debug] [Thread-4 (]: Finished running node test.fintech_data.not_null_dim_customers_customer_id.dd91cd1c8d
[0m22:31:54.775643 [debug] [Thread-3 (]: Began running node test.fintech_data.not_null_fct_transactions_account_id.0e3be7b37b
[0m22:31:54.776791 [debug] [Thread-1 (]: Finished running node test.fintech_data.unique_dim_customers_customer_id.15c9f1e2fd
[0m22:31:54.777464 [debug] [Thread-2 (]: Began running node test.fintech_data.not_null_fct_transactions_amount.1d3624d981
[0m22:31:54.778169 [debug] [Thread-4 (]: Began running node test.fintech_data.not_null_fct_transactions_transaction_id.2c6b5372aa
[0m22:31:54.779096 [debug] [Thread-3 (]: Re-using an available connection from the pool (formerly test.fintech_data.unique_dim_accounts_account_id.bfd6344edc, now test.fintech_data.not_null_fct_transactions_account_id.0e3be7b37b)
[0m22:31:54.779814 [debug] [Thread-1 (]: Began running node test.fintech_data.relationships_fct_transactions_account_id__account_id__ref_dim_accounts_.1f1a6d0292
[0m22:31:54.780695 [debug] [Thread-2 (]: Re-using an available connection from the pool (formerly test.fintech_data.not_null_dim_accounts_account_id.cc26245841, now test.fintech_data.not_null_fct_transactions_amount.1d3624d981)
[0m22:31:54.781578 [debug] [Thread-4 (]: Re-using an available connection from the pool (formerly test.fintech_data.not_null_dim_customers_customer_id.dd91cd1c8d, now test.fintech_data.not_null_fct_transactions_transaction_id.2c6b5372aa)
[0m22:31:54.782195 [debug] [Thread-3 (]: Began compiling node test.fintech_data.not_null_fct_transactions_account_id.0e3be7b37b
[0m22:31:54.783053 [debug] [Thread-1 (]: Re-using an available connection from the pool (formerly test.fintech_data.unique_dim_customers_customer_id.15c9f1e2fd, now test.fintech_data.relationships_fct_transactions_account_id__account_id__ref_dim_accounts_.1f1a6d0292)
[0m22:31:54.783690 [debug] [Thread-2 (]: Began compiling node test.fintech_data.not_null_fct_transactions_amount.1d3624d981
[0m22:31:54.784314 [debug] [Thread-4 (]: Began compiling node test.fintech_data.not_null_fct_transactions_transaction_id.2c6b5372aa
[0m22:31:54.788767 [debug] [Thread-3 (]: Writing injected SQL for node "test.fintech_data.not_null_fct_transactions_account_id.0e3be7b37b"
[0m22:31:54.789428 [debug] [Thread-1 (]: Began compiling node test.fintech_data.relationships_fct_transactions_account_id__account_id__ref_dim_accounts_.1f1a6d0292
[0m22:31:54.793814 [debug] [Thread-2 (]: Writing injected SQL for node "test.fintech_data.not_null_fct_transactions_amount.1d3624d981"
[0m22:31:54.798274 [debug] [Thread-4 (]: Writing injected SQL for node "test.fintech_data.not_null_fct_transactions_transaction_id.2c6b5372aa"
[0m22:31:54.804454 [debug] [Thread-3 (]: Timing info for test.fintech_data.not_null_fct_transactions_account_id.0e3be7b37b (compile): 22:31:54.784709 => 22:31:54.804094
[0m22:31:54.808104 [debug] [Thread-1 (]: Writing injected SQL for node "test.fintech_data.relationships_fct_transactions_account_id__account_id__ref_dim_accounts_.1f1a6d0292"
[0m22:31:54.808918 [debug] [Thread-3 (]: Began executing node test.fintech_data.not_null_fct_transactions_account_id.0e3be7b37b
[0m22:31:54.809773 [debug] [Thread-2 (]: Timing info for test.fintech_data.not_null_fct_transactions_amount.1d3624d981 (compile): 22:31:54.789845 => 22:31:54.809328
[0m22:31:54.810718 [debug] [Thread-4 (]: Timing info for test.fintech_data.not_null_fct_transactions_transaction_id.2c6b5372aa (compile): 22:31:54.794233 => 22:31:54.810437
[0m22:31:54.811406 [debug] [Thread-1 (]: Timing info for test.fintech_data.relationships_fct_transactions_account_id__account_id__ref_dim_accounts_.1f1a6d0292 (compile): 22:31:54.798898 => 22:31:54.811089
[0m22:31:54.812108 [debug] [Thread-3 (]: Timing info for test.fintech_data.not_null_fct_transactions_account_id.0e3be7b37b (execute): 22:31:54.811831 => 22:31:54.811842
[0m22:31:54.812737 [debug] [Thread-2 (]: Began executing node test.fintech_data.not_null_fct_transactions_amount.1d3624d981
[0m22:31:54.813364 [debug] [Thread-4 (]: Began executing node test.fintech_data.not_null_fct_transactions_transaction_id.2c6b5372aa
[0m22:31:54.813972 [debug] [Thread-1 (]: Began executing node test.fintech_data.relationships_fct_transactions_account_id__account_id__ref_dim_accounts_.1f1a6d0292
[0m22:31:54.815069 [debug] [Thread-3 (]: Finished running node test.fintech_data.not_null_fct_transactions_account_id.0e3be7b37b
[0m22:31:54.815800 [debug] [Thread-2 (]: Timing info for test.fintech_data.not_null_fct_transactions_amount.1d3624d981 (execute): 22:31:54.815495 => 22:31:54.815505
[0m22:31:54.816518 [debug] [Thread-4 (]: Timing info for test.fintech_data.not_null_fct_transactions_transaction_id.2c6b5372aa (execute): 22:31:54.816179 => 22:31:54.816189
[0m22:31:54.817203 [debug] [Thread-1 (]: Timing info for test.fintech_data.relationships_fct_transactions_account_id__account_id__ref_dim_accounts_.1f1a6d0292 (execute): 22:31:54.816903 => 22:31:54.816913
[0m22:31:54.817877 [debug] [Thread-3 (]: Began running node test.fintech_data.unique_fct_transactions_transaction_id.c963611c53
[0m22:31:54.819023 [debug] [Thread-2 (]: Finished running node test.fintech_data.not_null_fct_transactions_amount.1d3624d981
[0m22:31:54.820104 [debug] [Thread-4 (]: Finished running node test.fintech_data.not_null_fct_transactions_transaction_id.2c6b5372aa
[0m22:31:54.821192 [debug] [Thread-1 (]: Finished running node test.fintech_data.relationships_fct_transactions_account_id__account_id__ref_dim_accounts_.1f1a6d0292
[0m22:31:54.822064 [debug] [Thread-3 (]: Re-using an available connection from the pool (formerly test.fintech_data.not_null_fct_transactions_account_id.0e3be7b37b, now test.fintech_data.unique_fct_transactions_transaction_id.c963611c53)
[0m22:31:54.823144 [debug] [Thread-3 (]: Began compiling node test.fintech_data.unique_fct_transactions_transaction_id.c963611c53
[0m22:31:54.827619 [debug] [Thread-3 (]: Writing injected SQL for node "test.fintech_data.unique_fct_transactions_transaction_id.c963611c53"
[0m22:31:54.828495 [debug] [Thread-3 (]: Timing info for test.fintech_data.unique_fct_transactions_transaction_id.c963611c53 (compile): 22:31:54.823535 => 22:31:54.828174
[0m22:31:54.829072 [debug] [Thread-3 (]: Began executing node test.fintech_data.unique_fct_transactions_transaction_id.c963611c53
[0m22:31:54.829745 [debug] [Thread-3 (]: Timing info for test.fintech_data.unique_fct_transactions_transaction_id.c963611c53 (execute): 22:31:54.829451 => 22:31:54.829461
[0m22:31:54.830776 [debug] [Thread-3 (]: Finished running node test.fintech_data.unique_fct_transactions_transaction_id.c963611c53
[0m22:31:54.832190 [debug] [MainThread]: Connection 'master' was properly closed.
[0m22:31:54.832752 [debug] [MainThread]: Connection 'test.fintech_data.relationships_fct_transactions_account_id__account_id__ref_dim_accounts_.1f1a6d0292' was properly closed.
[0m22:31:54.833252 [debug] [MainThread]: Connection 'test.fintech_data.not_null_fct_transactions_amount.1d3624d981' was properly closed.
[0m22:31:54.833772 [debug] [MainThread]: Connection 'test.fintech_data.unique_fct_transactions_transaction_id.c963611c53' was properly closed.
[0m22:31:54.834470 [debug] [MainThread]: Connection 'test.fintech_data.not_null_fct_transactions_transaction_id.2c6b5372aa' was properly closed.
[0m22:31:54.839730 [debug] [MainThread]: Command end result
[0m22:31:56.011762 [debug] [MainThread]: Acquiring new postgres connection 'generate_catalog'
[0m22:31:56.012424 [info ] [MainThread]: Building catalog
[0m22:31:56.015692 [debug] [ThreadPool]: Acquiring new postgres connection 'neondb.information_schema'
[0m22:31:56.026209 [debug] [ThreadPool]: Using postgres connection "neondb.information_schema"
[0m22:31:56.026979 [debug] [ThreadPool]: On neondb.information_schema: BEGIN
[0m22:31:56.027653 [debug] [ThreadPool]: Opening a new connection, currently in state init
[0m22:31:56.062135 [debug] [ThreadPool]: SQL status: BEGIN in 0.0 seconds
[0m22:31:56.069295 [debug] [ThreadPool]: Using postgres connection "neondb.information_schema"
[0m22:31:56.072375 [debug] [ThreadPool]: On neondb.information_schema: /* {"app": "dbt", "dbt_version": "1.7.13", "profile_name": "fintech_dbt", "target_name": "dev", "connection_name": "neondb.information_schema"} */

    
    

    select
        'neondb' as table_database,
        sch.nspname as table_schema,
        tbl.relname as table_name,
        case tbl.relkind
            when 'v' then 'VIEW'
            when 'm' then 'MATERIALIZED VIEW'
            else 'BASE TABLE'
        end as table_type,
        tbl_desc.description as table_comment,
        col.attname as column_name,
        col.attnum as column_index,
        pg_catalog.format_type(col.atttypid, col.atttypmod) as column_type,
        col_desc.description as column_comment,
        pg_get_userbyid(tbl.relowner) as table_owner

    from pg_catalog.pg_namespace sch
    join pg_catalog.pg_class tbl on tbl.relnamespace = sch.oid
    join pg_catalog.pg_attribute col on col.attrelid = tbl.oid
    left outer join pg_catalog.pg_description tbl_desc on (tbl_desc.objoid = tbl.oid and tbl_desc.objsubid = 0)
    left outer join pg_catalog.pg_description col_desc on (col_desc.objoid = tbl.oid and col_desc.objsubid = col.attnum)
    where ((upper(sch.nspname) = upper('public') and
           upper(tbl.relname) = upper('customers')) or (upper(sch.nspname) = upper('public') and
           upper(tbl.relname) = upper('fct_transactions')) or (upper(sch.nspname) = upper('public') and
           upper(tbl.relname) = upper('transactions')) or (upper(sch.nspname) = upper('public') and
           upper(tbl.relname) = upper('accounts')) or (upper(sch.nspname) = upper('public') and
           upper(tbl.relname) = upper('stg_accounts')) or (upper(sch.nspname) = upper('public') and
           upper(tbl.relname) = upper('dim_customers')) or (upper(sch.nspname) = upper('public') and
           upper(tbl.relname) = upper('stg_transactions')) or (upper(sch.nspname) = upper('public') and
           upper(tbl.relname) = upper('stg_customers')) or (upper(sch.nspname) = upper('public') and
           upper(tbl.relname) = upper('dim_accounts')))
      and not pg_is_other_temp_schema(sch.oid) -- not a temporary schema belonging to another session
      and tbl.relpersistence in ('p', 'u') -- [p]ermanent table or [u]nlogged table. Exclude [t]emporary tables
      and tbl.relkind in ('r', 'v', 'f', 'p', 'm') -- o[r]dinary table, [v]iew, [f]oreign table, [p]artitioned table, [m]aterialized view. Other values are [i]ndex, [S]equence, [c]omposite type, [t]OAST table
      and col.attnum > 0 -- negative numbers are used for system columns such as oid
      and not col.attisdropped -- column as not been dropped

    order by
        sch.nspname,
        tbl.relname,
        col.attnum
[0m22:31:56.112735 [debug] [ThreadPool]: SQL status: SELECT 44 in 0.0 seconds
[0m22:31:56.126371 [debug] [ThreadPool]: On neondb.information_schema: ROLLBACK
[0m22:31:56.129320 [debug] [ThreadPool]: On neondb.information_schema: Close
[0m22:31:56.151808 [info ] [MainThread]: Catalog written to /workspaces/EAS550_FintechData/target/catalog.json
[0m22:31:56.156029 [debug] [MainThread]: Resource report: {"command_name": "generate", "command_success": true, "command_wall_clock_time": 2.8442018, "process_user_time": 4.17061, "process_kernel_time": 0.227505, "process_mem_max_rss": "135412", "process_in_blocks": "2944", "process_out_blocks": "4864"}
[0m22:31:56.157394 [debug] [MainThread]: Command `dbt docs generate` succeeded at 22:31:56.157065 after 2.85 seconds
[0m22:31:56.158358 [debug] [MainThread]: Connection 'generate_catalog' was properly closed.
[0m22:31:56.159247 [debug] [MainThread]: Connection 'neondb.information_schema' was properly closed.
[0m22:31:56.160216 [debug] [MainThread]: Sending event: {'category': 'dbt', 'action': 'invocation', 'label': 'end', 'context': [<snowplow_tracker.self_describing_json.SelfDescribingJson object at 0x7558d56b2240>, <snowplow_tracker.self_describing_json.SelfDescribingJson object at 0x7558da9c3e30>, <snowplow_tracker.self_describing_json.SelfDescribingJson object at 0x7558d47c8200>]}
[0m22:31:56.161237 [debug] [MainThread]: Flushing usage events
[0m22:32:19.079120 [debug] [MainThread]: Sending event: {'category': 'dbt', 'action': 'invocation', 'label': 'start', 'context': [<snowplow_tracker.self_describing_json.SelfDescribingJson object at 0x75c6faf4b080>, <snowplow_tracker.self_describing_json.SelfDescribingJson object at 0x75c6fb162de0>, <snowplow_tracker.self_describing_json.SelfDescribingJson object at 0x75c6fb07db80>]}


============================== 22:32:19.083735 | 96a23533-360d-4e84-a19a-8700810fda78 ==============================
[0m22:32:19.083735 [info ] [MainThread]: Running with dbt=1.7.13
[0m22:32:19.085546 [debug] [MainThread]: running dbt with arguments {'printer_width': '80', 'indirect_selection': 'eager', 'write_json': 'True', 'log_cache_events': 'False', 'partial_parse': 'True', 'cache_selected_only': 'False', 'profiles_dir': '/home/codespace/.dbt', 'debug': 'False', 'version_check': 'True', 'log_path': '/workspaces/EAS550_FintechData/logs', 'fail_fast': 'False', 'warn_error': 'None', 'use_colors': 'True', 'use_experimental_parser': 'False', 'no_print': 'None', 'quiet': 'False', 'warn_error_options': 'WarnErrorOptions(include=[], exclude=[])', 'static_parser': 'True', 'invocation_command': 'dbt docs serve', 'log_format': 'default', 'target_path': 'None', 'introspect': 'True', 'send_anonymous_usage_stats': 'True'}
[0m22:32:19.329859 [debug] [MainThread]: Sending event: {'category': 'dbt', 'action': 'project_id', 'label': '96a23533-360d-4e84-a19a-8700810fda78', 'context': [<snowplow_tracker.self_describing_json.SelfDescribingJson object at 0x75c6faf79ee0>]}
[0m22:32:19.457427 [debug] [MainThread]: Sending event: {'category': 'dbt', 'action': 'adapter_info', 'label': '96a23533-360d-4e84-a19a-8700810fda78', 'context': [<snowplow_tracker.self_describing_json.SelfDescribingJson object at 0x75c6faf4aa20>]}
[0m22:47:06.849441 [error] [MainThread]: Encountered an error:

[0m22:47:06.892604 [error] [MainThread]: Traceback (most recent call last):
  File "/usr/local/python/3.12.1/lib/python3.12/site-packages/dbt/cli/requires.py", line 91, in wrapper
    result, success = func(*args, **kwargs)
                      ^^^^^^^^^^^^^^^^^^^^^
  File "/usr/local/python/3.12.1/lib/python3.12/site-packages/dbt/cli/requires.py", line 76, in wrapper
    return func(*args, **kwargs)
           ^^^^^^^^^^^^^^^^^^^^^
  File "/usr/local/python/3.12.1/lib/python3.12/site-packages/dbt/cli/requires.py", line 169, in wrapper
    return func(*args, **kwargs)
           ^^^^^^^^^^^^^^^^^^^^^
  File "/usr/local/python/3.12.1/lib/python3.12/site-packages/dbt/cli/requires.py", line 198, in wrapper
    return func(*args, **kwargs)
           ^^^^^^^^^^^^^^^^^^^^^
  File "/usr/local/python/3.12.1/lib/python3.12/site-packages/dbt/cli/requires.py", line 245, in wrapper
    return func(*args, **kwargs)
           ^^^^^^^^^^^^^^^^^^^^^
  File "/usr/local/python/3.12.1/lib/python3.12/site-packages/dbt/cli/main.py", line 324, in docs_serve
    results = task.run()
              ^^^^^^^^^^
  File "/usr/local/python/3.12.1/lib/python3.12/site-packages/dbt/task/serve.py", line 28, in run
    httpd.serve_forever()
  File "/usr/local/python/3.12.1/lib/python3.12/socketserver.py", line 235, in serve_forever
    ready = selector.select(poll_interval)
            ^^^^^^^^^^^^^^^^^^^^^^^^^^^^^^
  File "/usr/local/python/3.12.1/lib/python3.12/selectors.py", line 415, in select
    fd_event_list = self._selector.poll(timeout)
                    ^^^^^^^^^^^^^^^^^^^^^^^^^^^^
KeyboardInterrupt

[0m22:47:06.893901 [debug] [MainThread]: Resource report: {"command_name": "serve", "command_wall_clock_time": 887.86444, "process_user_time": 3.966698, "process_kernel_time": 0.207779, "process_mem_max_rss": "128832", "process_in_blocks": "648", "process_out_blocks": "2960", "command_success": false}
[0m22:47:06.894662 [debug] [MainThread]: Command `dbt docs serve` failed at 22:47:06.894468 after 887.87 seconds
[0m22:47:06.895228 [debug] [MainThread]: Sending event: {'category': 'dbt', 'action': 'invocation', 'label': 'end', 'context': [<snowplow_tracker.self_describing_json.SelfDescribingJson object at 0x75c6faf49af0>, <snowplow_tracker.self_describing_json.SelfDescribingJson object at 0x75c6faf1e210>, <snowplow_tracker.self_describing_json.SelfDescribingJson object at 0x75c6fa3a7800>]}
[0m22:47:06.895829 [debug] [MainThread]: Flushing usage events
[0m22:47:18.592626 [debug] [MainThread]: Sending event: {'category': 'dbt', 'action': 'invocation', 'label': 'start', 'context': [<snowplow_tracker.self_describing_json.SelfDescribingJson object at 0x79fca57abc20>, <snowplow_tracker.self_describing_json.SelfDescribingJson object at 0x79fca81026f0>, <snowplow_tracker.self_describing_json.SelfDescribingJson object at 0x79fca57abad0>]}


============================== 22:47:18.597643 | e397843a-0e4e-4280-915c-71464509e329 ==============================
[0m22:47:18.597643 [info ] [MainThread]: Running with dbt=1.7.13
[0m22:47:18.599024 [debug] [MainThread]: running dbt with arguments {'printer_width': '80', 'indirect_selection': 'eager', 'log_cache_events': 'False', 'write_json': 'True', 'partial_parse': 'True', 'cache_selected_only': 'False', 'profiles_dir': '/home/codespace/.dbt', 'version_check': 'True', 'debug': 'False', 'log_path': '/workspaces/EAS550_FintechData/logs', 'fail_fast': 'False', 'warn_error': 'None', 'use_colors': 'True', 'use_experimental_parser': 'False', 'no_print': 'None', 'quiet': 'False', 'log_format': 'default', 'static_parser': 'True', 'invocation_command': 'dbt docs serve', 'introspect': 'True', 'target_path': 'None', 'warn_error_options': 'WarnErrorOptions(include=[], exclude=[])', 'send_anonymous_usage_stats': 'True'}
[0m22:47:18.868558 [debug] [MainThread]: Sending event: {'category': 'dbt', 'action': 'project_id', 'label': 'e397843a-0e4e-4280-915c-71464509e329', 'context': [<snowplow_tracker.self_describing_json.SelfDescribingJson object at 0x79fca57a9b50>]}
[0m22:47:19.002044 [debug] [MainThread]: Sending event: {'category': 'dbt', 'action': 'adapter_info', 'label': 'e397843a-0e4e-4280-915c-71464509e329', 'context': [<snowplow_tracker.self_describing_json.SelfDescribingJson object at 0x79fca4dffc20>]}
[0m22:54:20.383113 [error] [MainThread]: Encountered an error:

[0m22:54:20.385975 [error] [MainThread]: Traceback (most recent call last):
  File "/usr/local/python/3.12.1/lib/python3.12/site-packages/dbt/cli/requires.py", line 91, in wrapper
    result, success = func(*args, **kwargs)
                      ^^^^^^^^^^^^^^^^^^^^^
  File "/usr/local/python/3.12.1/lib/python3.12/site-packages/dbt/cli/requires.py", line 76, in wrapper
    return func(*args, **kwargs)
           ^^^^^^^^^^^^^^^^^^^^^
  File "/usr/local/python/3.12.1/lib/python3.12/site-packages/dbt/cli/requires.py", line 169, in wrapper
    return func(*args, **kwargs)
           ^^^^^^^^^^^^^^^^^^^^^
  File "/usr/local/python/3.12.1/lib/python3.12/site-packages/dbt/cli/requires.py", line 198, in wrapper
    return func(*args, **kwargs)
           ^^^^^^^^^^^^^^^^^^^^^
  File "/usr/local/python/3.12.1/lib/python3.12/site-packages/dbt/cli/requires.py", line 245, in wrapper
    return func(*args, **kwargs)
           ^^^^^^^^^^^^^^^^^^^^^
  File "/usr/local/python/3.12.1/lib/python3.12/site-packages/dbt/cli/main.py", line 324, in docs_serve
    results = task.run()
              ^^^^^^^^^^
  File "/usr/local/python/3.12.1/lib/python3.12/site-packages/dbt/task/serve.py", line 28, in run
    httpd.serve_forever()
  File "/usr/local/python/3.12.1/lib/python3.12/socketserver.py", line 235, in serve_forever
    ready = selector.select(poll_interval)
            ^^^^^^^^^^^^^^^^^^^^^^^^^^^^^^
  File "/usr/local/python/3.12.1/lib/python3.12/selectors.py", line 415, in select
    fd_event_list = self._selector.poll(timeout)
                    ^^^^^^^^^^^^^^^^^^^^^^^^^^^^
KeyboardInterrupt

[0m22:54:20.387222 [debug] [MainThread]: Resource report: {"command_name": "serve", "command_wall_clock_time": 421.8423, "process_user_time": 3.906988, "process_kernel_time": 0.211296, "process_mem_max_rss": "128900", "process_out_blocks": "2960", "command_success": false, "process_in_blocks": "0"}
[0m22:54:20.388088 [debug] [MainThread]: Command `dbt docs serve` failed at 22:54:20.387896 after 421.84 seconds
[0m22:54:20.388742 [debug] [MainThread]: Sending event: {'category': 'dbt', 'action': 'invocation', 'label': 'end', 'context': [<snowplow_tracker.self_describing_json.SelfDescribingJson object at 0x79fca584c560>, <snowplow_tracker.self_describing_json.SelfDescribingJson object at 0x79fca5726d50>, <snowplow_tracker.self_describing_json.SelfDescribingJson object at 0x79fca4dfc6b0>]}
[0m22:54:20.389630 [debug] [MainThread]: Flushing usage events
